3.873976767063140869e-01,4.084527492523193359e-02,-1.447531223297119141e+00
1.824266433715820312e+00,-4.387044906616210938e-01,1.547235250473022461e-01
5.456275939941406250e-01,7.716739773750305176e-01,1.491759777069091797e+00
5.020428895950317383e-01,6.249856352806091309e-01,-1.489598512649536133e+00
2.403002381324768066e-01,8.649982213973999023e-01,2.262286901473999023e+00
1.428701519966125488e+00,3.183206319808959961e-01,-8.477442860603332520e-01
1.251639127731323242e-01,8.642292618751525879e-01,3.313308954238891602e+00
2.401674747467041016e+00,3.332138061523437500e-02,1.631943434476852417e-01
1.036075592041015625e+00,4.725463390350341797e-01,-1.781562328338623047e+00
1.452322453260421753e-01,9.566509127616882324e-01,-2.559621095657348633e+00
4.000093936920166016e+00,-9.955620765686035156e-02,2.277245223522186279e-01
1.633272320032119751e-01,9.021462202072143555e-01,-2.241851091384887695e+00
1.607027769088745117e+00,-4.942655563354492188e-03,-2.063319981098175049e-01
2.018372297286987305e+00,7.596950531005859375e-01,-6.131405830383300781e-01
1.127357721328735352e+00,6.148747205734252930e-01,-1.012916684150695801e+00
1.137609720230102539e+00,6.233950853347778320e-01,-1.244097471237182617e+00
3.720092773437500000e-01,8.998576402664184570e-01,2.115432739257812500e+00
4.117028415203094482e-01,4.343729019165039062e-01,-1.540278434753417969e+00
9.258582592010498047e-01,5.959945917129516602e-01,1.034451365470886230e+00
3.515047132968902588e-01,7.115238904953002930e-01,-1.605872392654418945e+00
6.587914824485778809e-01,3.373539447784423828e-02,2.559762239456176758e+00
1.001186609268188477e+00,6.256041526794433594e-01,-5.016002058982849121e-01
1.224967956542968750e+00,9.085939526557922363e-01,-2.044904232025146484e+00
8.951023817062377930e-01,1.779654026031494141e-01,1.053725600242614746e+00
7.030376195907592773e-01,1.341188549995422363e-01,-8.281515240669250488e-01
2.570226192474365234e+00,1.260259151458740234e-01,-3.303924500942230225e-01
2.137994766235351562e+00,2.283502221107482910e-01,-1.700561195611953735e-01
3.098855495452880859e+00,-3.668164014816284180e-01,7.507469058036804199e-01
2.065238505601882935e-01,8.937991261482238770e-01,2.445539236068725586e+00
2.501837313175201416e-01,9.323256611824035645e-01,2.082661867141723633e+00
1.182101726531982422e+00,1.596804261207580566e-01,9.806922674179077148e-01
1.529353976249694824e+00,2.361494898796081543e-01,-6.351594924926757812e-01
1.730214953422546387e+00,-7.769191265106201172e-02,3.935885131359100342e-01
1.757304668426513672e+00,2.617346048355102539e-01,-3.729842901229858398e-01
6.967670917510986328e-01,5.426248311996459961e-01,5.548189282417297363e-01
4.836136102676391602e-01,7.197666168212890625e-01,1.495579123497009277e+00
6.640180200338363647e-02,9.585374593734741211e-01,-2.862361192703247070e+00
3.060240745544433594e+00,1.872844099998474121e-01,8.751971125602722168e-01
4.548277258872985840e-01,6.968559026718139648e-01,-1.566920995712280273e+00
1.320989370346069336e+00,4.041956067085266113e-01,-1.078696370124816895e+00
4.269783496856689453e-01,7.900260090827941895e-01,-1.187016487121582031e+00
8.602708578109741211e-01,3.522665500640869141e-01,-1.131835460662841797e+00
8.523023724555969238e-01,8.538579940795898438e-01,-1.707753419876098633e+00
5.468657016754150391e-01,6.795322299003601074e-01,1.366803526878356934e+00
4.588620662689208984e-01,4.935550689697265625e-01,1.217637062072753906e+00
4.954856634140014648e-01,4.501986503601074219e-01,2.111670017242431641e+00
7.763683795928955078e-01,5.767089128494262695e-02,-9.579980373382568359e-01
6.169427633285522461e-01,7.497373223304748535e-01,-1.652288436889648438e+00
8.543068766593933105e-01,3.082601428031921387e-01,-7.510921359062194824e-01
1.368273019790649414e+00,6.063162088394165039e-01,-9.217692613601684570e-01
2.580523490905761719e-01,8.131321668624877930e-01,2.683313608169555664e+00
5.672606229782104492e-01,7.038805484771728516e-01,-1.392025709152221680e+00
8.819905519485473633e-01,5.122195482254028320e-01,-9.325535893440246582e-01
4.792053699493408203e-01,7.257513999938964844e-01,1.449834227561950684e+00
9.935676306486129761e-02,8.902049064636230469e-01,3.698241233825683594e+00
5.690199136734008789e-01,6.942032575607299805e-01,-2.358985185623168945e+00
1.916910052299499512e+00,3.093901276588439941e-01,-2.009557187557220459e-02
3.770570158958435059e-01,8.438749313354492188e-01,1.804041266441345215e+00
1.229229331016540527e+00,2.680498957633972168e-01,3.589244782924652100e-01
1.614632010459899902e-01,9.327012896537780762e-01,2.703517675399780273e+00
1.165120601654052734e+00,2.871215343475341797e-01,-1.945283770561218262e+00
1.070089042186737061e-01,8.706690669059753418e-01,-2.501544475555419922e+00
1.442120075225830078e+00,2.973374128341674805e-01,-9.527233242988586426e-01
6.879650950431823730e-01,8.349480628967285156e-01,-1.769447803497314453e+00
1.188943460583686829e-01,9.582639336585998535e-01,3.072871446609497070e+00
1.392680287361145020e+00,-2.522169351577758789e-01,3.747562468051910400e-01
3.598298728466033936e-01,9.017511606216430664e-01,-2.819916963577270508e+00
1.961327433586120605e+00,1.352306008338928223e-01,8.435884863138198853e-02
5.661027878522872925e-02,9.597035646438598633e-01,4.035967350006103516e+00
2.040910959243774414e+00,1.182717680931091309e-01,-7.342874258756637573e-02
8.015730381011962891e-01,5.843864679336547852e-01,-1.294394850730895996e+00
2.632529973983764648e+00,-4.030855894088745117e-01,2.765632048249244690e-02
2.867449522018432617e+00,-1.453583240509033203e-01,-2.454406619071960449e-01
4.252321124076843262e-01,7.259817123413085938e-01,1.469251394271850586e+00
4.264835119247436523e-01,8.653342127799987793e-01,-2.127013683319091797e+00
2.477967023849487305e+00,1.004937887191772461e-01,6.313273906707763672e-01
1.560363054275512695e+00,3.174511194229125977e-01,-8.271112442016601562e-01
1.899341583251953125e+00,-6.006610393524169922e-02,2.510165981948375702e-02
3.003643512725830078e+00,1.137885451316833496e-01,-7.057836651802062988e-01
7.575811445713043213e-02,9.813330173492431641e-01,-2.861721992492675781e+00
1.958757877349853516e+00,3.182405233383178711e-01,1.252750456333160400e-01
6.088272929191589355e-01,6.454417705535888672e-01,-1.718659758567810059e+00
1.097714424133300781e+00,5.743062496185302734e-01,-7.840727567672729492e-01
9.315012097358703613e-01,5.003156661987304688e-01,1.064448952674865723e+00
1.752397537231445312e+00,-1.102502346038818359e-01,1.924485564231872559e-01
1.072404980659484863e+00,5.917776823043823242e-01,-7.454428672790527344e-01
3.396278619766235352e-01,7.838498950004577637e-01,1.885082602500915527e+00
9.908825755119323730e-01,3.921343684196472168e-01,-7.170297503471374512e-01
8.003265261650085449e-01,-2.537752389907836914e-01,2.112046241760253906e+00
7.119759917259216309e-01,6.890386343002319336e-01,1.133883357048034668e+00
1.195954680442810059e+00,2.953317165374755859e-01,-2.220336198806762695e-01
1.147597432136535645e+00,3.910897374153137207e-01,-7.004542946815490723e-01
2.077271938323974609e+00,1.416603922843933105e-01,1.436263471841812134e-01
9.455233216285705566e-01,3.672401905059814453e-01,8.830122351646423340e-01
2.983285486698150635e-01,9.512551426887512207e-01,-2.379459857940673828e+00
7.754028439521789551e-01,6.496798992156982422e-01,-1.539823174476623535e+00
3.378625810146331787e-01,8.931688070297241211e-01,1.508350133895874023e+00
9.498012661933898926e-01,3.540749549865722656e-01,-5.694348812103271484e-01
9.641560912132263184e-01,7.154047489166259766e-03,6.253462433815002441e-01
4.731583595275878906e-01,7.091419100761413574e-01,1.773259520530700684e+00
1.300950646400451660e+00,5.692800283432006836e-01,-1.605854749679565430e+00
1.085275411605834961e+00,6.323124170303344727e-01,-1.019437670707702637e+00
2.628450095653533936e-01,9.457297921180725098e-01,1.988053202629089355e+00
5.727909207344055176e-01,6.802493333816528320e-01,-1.510638713836669922e+00
8.501546978950500488e-01,6.082094311714172363e-01,-9.799459576606750488e-01
4.183771312236785889e-01,6.698635816574096680e-01,1.148748397827148438e+00
1.065675258636474609e+00,4.614856839179992676e-01,-6.479111909866333008e-01
1.085376620292663574e+00,3.295839428901672363e-01,-9.145629405975341797e-01
6.124989986419677734e-01,4.822030663490295410e-01,1.174189329147338867e+00
1.835927367210388184e+00,2.991505861282348633e-01,-6.699582934379577637e-01
7.523905634880065918e-01,6.634191870689392090e-01,1.031108617782592773e+00
1.449042439460754395e+00,5.417817831039428711e-02,-2.128306925296783447e-01
1.833757162094116211e+00,5.992345213890075684e-01,3.375670909881591797e-01
2.634401321411132812e+00,-1.093261241912841797e-01,5.337697267532348633e-01
7.883667349815368652e-01,5.918216705322265625e-01,-1.212636709213256836e+00
1.475793421268463135e-01,9.285258054733276367e-01,2.554264068603515625e+00
3.986050784587860107e-01,7.874847650527954102e-01,2.415680885314941406e+00
5.824074745178222656e-01,6.536620855331420898e-01,-1.075141549110412598e+00
8.501610755920410156e-01,5.997769832611083984e-01,-1.376767873764038086e+00
2.234991788864135742e-01,4.310473799705505371e-01,1.421786308288574219e+00
1.697009086608886719e+00,3.233706951141357422e-02,-2.022173851728439331e-01
1.229789733886718750e+00,6.053107976913452148e-02,-5.274887084960937500e-01
3.603767603635787964e-02,9.733190536499023438e-01,5.191404342651367188e+00
4.066637158393859863e-01,2.208305597305297852e-01,-1.874195933341979980e+00
9.870434999465942383e-01,4.557759165763854980e-01,1.087140798568725586e+00
1.594925999641418457e+00,-6.209564208984375000e-02,-1.141345500946044922e-01
9.461548924446105957e-01,6.240023374557495117e-01,-1.113358259201049805e+00
1.575074195861816406e+00,2.077980041503906250e-01,-3.089038729667663574e-01
1.258809089660644531e+00,3.548753857612609863e-01,8.050705790519714355e-01
5.688953772187232971e-02,9.843503236770629883e-01,-2.972955942153930664e+00
8.790037035942077637e-01,6.217236518859863281e-01,8.794502019882202148e-01
1.674199700355529785e+00,2.683794498443603516e-01,3.197304010391235352e-01
4.752454459667205811e-01,7.828106880187988281e-01,-1.700442433357238770e+00
1.081556677818298340e+00,7.723324298858642578e-01,-1.571275830268859863e+00
5.354806780815124512e-01,3.680222034454345703e-01,9.095875024795532227e-01
3.500543832778930664e+00,5.109292268753051758e-02,5.157796740531921387e-01
2.676126003265380859e+00,-2.070833444595336914e-01,-1.714498698711395264e-01
2.619060277938842773e+00,-5.730247497558593750e-02,5.259074643254280090e-02
1.642930030822753906e+00,1.581592559814453125e-01,-3.161847293376922607e-01
1.205710172653198242e+00,4.013792276382446289e-01,-1.167053699493408203e+00
7.894820570945739746e-01,8.423692584037780762e-01,-1.646071314811706543e+00
2.028106927871704102e+00,8.755469322204589844e-02,6.295803468674421310e-04
6.782569736242294312e-02,9.478752017021179199e-01,-3.734943628311157227e+00
8.113344907760620117e-01,4.659665822982788086e-01,-1.066555500030517578e+00
9.022532105445861816e-01,7.523260116577148438e-01,1.702972769737243652e+00
2.042387485504150391e+00,1.882488727569580078e-01,8.539181947708129883e-01
6.427944898605346680e-01,8.213708996772766113e-01,-1.321288108825683594e+00
4.910242184996604919e-02,9.672214984893798828e-01,4.725345134735107422e+00
1.477217394858598709e-02,9.888398051261901855e-01,5.848848342895507812e+00
1.261252403259277344e+00,4.110925197601318359e-01,-1.805112600326538086e+00
9.003867954015731812e-02,9.576575160026550293e-01,-2.940531492233276367e+00
2.770901024341583252e-01,7.884490489959716797e-01,-2.447965860366821289e+00
6.674930453300476074e-01,6.630309820175170898e-01,-2.310523509979248047e+00
5.487825870513916016e-01,6.863213777542114258e-01,-2.428749084472656250e+00
3.297205269336700439e-01,8.460584282875061035e-01,2.216477394104003906e+00
5.866855382919311523e-01,5.707330703735351562e-01,1.315536022186279297e+00
2.418596595525741577e-01,8.500702977180480957e-01,2.329556941986083984e+00
1.371783614158630371e+00,-2.339541912078857422e-02,-1.604757905006408691e+00
1.643573164939880371e+00,1.576642394065856934e-01,3.794323205947875977e-01
1.106858015060424805e+00,5.031551122665405273e-01,-1.050096154212951660e+00
6.329653263092041016e-01,2.033410072326660156e-01,7.432811856269836426e-01
5.447614192962646484e-01,7.314720749855041504e-01,-2.188985347747802734e+00
2.222437381744384766e+00,-2.841904163360595703e-01,2.511411905288696289e-01
1.936005055904388428e-01,9.046733379364013672e-01,-2.821059226989746094e+00
9.597400426864624023e-01,4.620628356933593750e-01,-6.606544256210327148e-01
2.069401741027832031e+00,-5.780184268951416016e-02,-2.290863245725631714e-01
2.256473779678344727e+00,-2.115021944046020508e-01,-1.179658323526382446e-01
1.104620575904846191e+00,6.730946302413940430e-01,-1.515921950340270996e+00
1.501912355422973633e+00,-3.970706462860107422e-02,3.098456561565399170e-01
8.269744515419006348e-01,4.999312758445739746e-01,1.036023020744323730e+00
6.231255531311035156e-01,-3.119828701019287109e-01,2.641784586012363434e-02
1.321244716644287109e+00,3.445783257484436035e-01,-4.607640206813812256e-01
3.673822879791259766e-01,7.447279095649719238e-01,-2.058648347854614258e+00
1.267400622367858887e+00,2.945709824562072754e-01,-6.523404717445373535e-01
1.459243178367614746e+00,3.253940343856811523e-01,-6.204265952110290527e-01
2.055038928985595703e+00,-1.595243215560913086e-01,7.621448636054992676e-01
1.337646484375000000e+00,2.667390704154968262e-01,3.408851027488708496e-01
2.403191089630126953e+00,2.161532044410705566e-01,-2.181206345558166504e-01
1.595039814710617065e-01,9.549534320831298828e-01,3.024811744689941406e+00
2.193838834762573242e+00,1.927434802055358887e-01,-5.690879225730895996e-01
1.189507842063903809e+00,4.506722688674926758e-01,8.677243590354919434e-01
1.027313470840454102e+00,6.366961002349853516e-01,-8.770474791526794434e-01
7.032808661460876465e-01,3.369506001472473145e-01,-1.833501935005187988e+00
3.039767444133758545e-01,8.802273869514465332e-01,-1.636038661003112793e+00
8.168538808822631836e-01,2.624980807304382324e-01,-1.159206390380859375e+00
1.999222517013549805e+00,2.020103335380554199e-01,-3.770676255226135254e-01
8.710610866546630859e-01,4.294790625572204590e-01,-7.776693701744079590e-01
1.888994276523590088e-01,8.166311383247375488e-01,-1.904131412506103516e+00
3.411783874034881592e-01,7.846767902374267578e-01,1.759028792381286621e+00
1.522316455841064453e+00,-2.792536020278930664e-01,1.504545211791992188e-01
1.313353300094604492e+00,5.094721317291259766e-01,2.143590450286865234e+00
1.984961867332458496e+00,2.103164196014404297e-01,5.170305967330932617e-01
9.742395281791687012e-01,4.061732292175292969e-01,-1.079788446426391602e+00
2.833007872104644775e-01,9.202654957771301270e-01,-1.310307264328002930e+00
7.745719552040100098e-01,7.807338237762451172e-01,1.632765412330627441e+00
8.930356502532958984e-01,5.796341300010681152e-01,7.600955963134765625e-01
6.681289672851562500e-01,6.872563362121582031e-01,-1.266073465347290039e+00
4.537273645401000977e-01,6.870847940444946289e-01,-1.422580480575561523e+00
1.900491118431091309e-02,9.865522384643554688e-01,6.038650035858154297e+00
7.644021511077880859e-01,2.630469799041748047e-01,1.260362505912780762e+00
3.063426494598388672e+00,-2.752546072006225586e-01,5.330397281795740128e-03
1.790701389312744141e+00,1.056028604507446289e-01,3.497873842716217041e-01
3.712137341499328613e-01,7.882290482521057129e-01,-1.421093583106994629e+00
8.112537860870361328e-01,1.722376942634582520e-01,-7.436247467994689941e-01
1.635886669158935547e+00,-1.606334447860717773e-01,2.027114331722259521e-01
1.666457891464233398e+00,1.265278458595275879e-01,-6.604138761758804321e-02
7.175050377845764160e-01,8.726854324340820312e-01,-1.342036128044128418e+00
4.343651831150054932e-01,6.485104560852050781e-01,1.607108831405639648e+00
1.961073160171508789e+00,-1.051151752471923828e-02,-1.256130188703536987e-01
8.462510704994201660e-01,3.441627621650695801e-01,1.010631680488586426e+00
7.205256223678588867e-01,5.601696968078613281e-01,9.647791385650634766e-01
1.221446871757507324e+00,5.843781232833862305e-01,-5.989632010459899902e-01
1.026036977767944336e+00,3.448299169540405273e-01,-1.618147969245910645e+00
2.132585048675537109e+00,3.221112489700317383e-02,-2.171738892793655396e-01
3.521852493286132812e-01,8.831105232238769531e-01,1.872134566307067871e+00
9.088488817214965820e-01,5.346657037734985352e-01,-1.201672434806823730e+00
1.006879925727844238e+00,3.622639179229736328e-01,1.925452470779418945e+00
3.534333705902099609e-01,5.995689630508422852e-01,-2.057252645492553711e+00
1.926521539688110352e+00,-1.517547369003295898e-01,-4.521342217922210693e-01
4.364197552204132080e-01,6.373668313026428223e-01,-1.544154167175292969e+00
4.063633680343627930e-01,7.580738663673400879e-01,2.089286565780639648e+00
3.149643421173095703e+00,-3.271673917770385742e-01,1.483758687973022461e-01
3.936436474323272705e-01,8.704613447189331055e-01,1.568840026855468750e+00
1.299249529838562012e+00,2.428231239318847656e-01,-5.799230933189392090e-01
1.226514220237731934e+00,2.414829134941101074e-01,-9.131867885589599609e-01
1.450624346733093262e+00,3.311614394187927246e-01,5.187387466430664062e-01
1.445792436599731445e+00,-2.966959476470947266e-01,4.536746442317962646e-01
1.176440000534057617e+00,3.067775964736938477e-01,-8.810939788818359375e-01
1.098930120468139648e+00,3.891724348068237305e-01,-6.726229190826416016e-01
2.973661899566650391e+00,-3.313418626785278320e-01,1.349892169237136841e-01
5.896119475364685059e-01,8.469077944755554199e-01,1.919071316719055176e+00
7.056140899658203125e-01,5.515972375869750977e-01,1.168147206306457520e+00
2.171956062316894531e+00,1.149492859840393066e-01,4.392215609550476074e-02
6.264162659645080566e-01,3.260566592216491699e-01,-1.281606554985046387e+00
2.845425307750701904e-01,1.370803117752075195e-01,3.704736471176147461e+00
1.019998416304588318e-01,9.766172170639038086e-01,2.643303871154785156e+00
1.227321267127990723e+00,2.878429889678955078e-01,-6.351546049118041992e-01
5.303069949150085449e-01,8.154382705688476562e-01,1.043048501014709473e+00
3.921963572502136230e-01,8.580900430679321289e-01,1.521232247352600098e+00
6.011819243431091309e-01,5.109274387359619141e-01,-1.377029061317443848e+00
1.251459956169128418e+00,5.834397077560424805e-01,-8.720424771308898926e-01
6.267756223678588867e-01,3.825758099555969238e-01,-1.560531735420227051e+00
2.456761300563812256e-01,9.435803890228271484e-01,2.140803813934326172e+00
9.147471785545349121e-01,5.046705007553100586e-01,-1.153507947921752930e+00
4.398705482482910156e+00,-1.147079467773437500e-01,1.481038182973861694e-01
1.941723942756652832e+00,-3.948664665222167969e-02,3.918230533599853516e-01
3.816833198070526123e-01,6.876799464225769043e-01,-1.637226819992065430e+00
2.092636972665786743e-01,6.190381050109863281e-01,-2.166773557662963867e+00
7.088388204574584961e-01,4.614478349685668945e-02,-1.893534302711486816e+00
2.386953353881835938e+00,-3.332220315933227539e-01,7.228321582078933716e-02
1.529968827962875366e-01,9.314157366752624512e-01,2.123409748077392578e+00
9.250035285949707031e-01,4.942578077316284180e-01,-8.363994956016540527e-01
9.127781391143798828e-01,5.986247062683105469e-01,-1.363238096237182617e+00
4.851839065551757812e+00,-4.976212978363037109e-02,8.764439076185226440e-02
7.812390923500061035e-01,6.227666139602661133e-01,1.422336816787719727e+00
1.082242846488952637e+00,6.394423246383666992e-01,-1.166039943695068359e+00
4.082144498825073242e-01,4.085659980773925781e-02,-1.405258178710937500e+00
1.800716996192932129e+00,-4.392077922821044922e-01,1.728640943765640259e-01
5.234100222587585449e-01,7.832623720169067383e-01,1.530803084373474121e+00
5.253633260726928711e-01,6.245371103286743164e-01,-1.461160898208618164e+00
2.403613924980163574e-01,8.612032532691955566e-01,2.261904478073120117e+00
1.411910057067871094e+00,3.181228637695312500e-01,-8.523080348968505859e-01
1.262144297361373901e-01,8.626316189765930176e-01,3.293742179870605469e+00
2.344898939132690430e+00,3.399419784545898438e-02,1.772084832191467285e-01
1.038339376449584961e+00,4.727120399475097656e-01,-1.779371500015258789e+00
1.562847942113876343e-01,9.524399042129516602e-01,-2.484622716903686523e+00
4.002459526062011719e+00,-9.249866008758544922e-02,2.222821414470672607e-01
1.625177860260009766e-01,9.033964276313781738e-01,-2.247666597366333008e+00
1.596923470497131348e+00,-1.700210571289062500e-02,-1.823499798774719238e-01
1.301501274108886719e+00,8.315067887306213379e-01,-1.084154129028320312e+00
1.080092430114746094e+00,6.285667419433593750e-01,-1.067538738250732422e+00
1.125249147415161133e+00,6.223654150962829590e-01,-1.254822611808776855e+00
3.874450922012329102e-01,8.956269621849060059e-01,2.087173700332641602e+00
4.025684297084808350e-01,4.342513680458068848e-01,-1.567463874816894531e+00
9.243562817573547363e-01,5.958553552627563477e-01,1.036075949668884277e+00
3.541274964809417725e-01,7.160123586654663086e-01,-1.633713245391845703e+00
6.704021096229553223e-01,3.425496816635131836e-02,2.552469491958618164e+00
8.716149330139160156e-01,6.054399013519287109e-01,-6.577720642089843750e-01
1.230642080307006836e+00,9.077951312065124512e-01,-2.042765140533447266e+00
9.087497591972351074e-01,1.806148290634155273e-01,1.026411175727844238e+00
6.960668563842773438e-01,1.335695385932922363e-01,-8.490858674049377441e-01
2.604026079177856445e+00,1.261654496192932129e-01,-3.003863394260406494e-01
2.151464223861694336e+00,2.283914685249328613e-01,-1.450728923082351685e-01
3.119029045104980469e+00,-3.603694438934326172e-01,7.301698327064514160e-01
2.069035321474075317e-01,8.928158879280090332e-01,2.448375225067138672e+00
2.542788386344909668e-01,9.317615628242492676e-01,2.062342405319213867e+00
1.190085649490356445e+00,1.612378358840942383e-01,9.801262617111206055e-01
1.531001925468444824e+00,2.346931695938110352e-01,-6.354112029075622559e-01
1.701919317245483398e+00,-7.441520690917968750e-02,4.078228771686553955e-01
1.769535064697265625e+00,2.369410395622253418e-01,-3.367664515972137451e-01
6.942577362060546875e-01,5.451009869575500488e-01,5.428376793861389160e-01
8.443997502326965332e-01,5.139619112014770508e-01,9.341745972633361816e-01
9.066554903984069824e-02,9.438343048095703125e-01,-2.518710851669311523e+00
3.015527963638305664e+00,1.833412647247314453e-01,8.561775088310241699e-01
4.568264186382293701e-01,6.950041055679321289e-01,-1.567845940589904785e+00
1.331249356269836426e+00,4.005926847457885742e-01,-1.082957267761230469e+00
3.904707431793212891e-01,8.138860464096069336e-01,-1.307713627815246582e+00
8.599484562873840332e-01,3.640014529228210449e-01,-1.097761988639831543e+00
8.615651130676269531e-01,8.545608520507812500e-01,-1.686953902244567871e+00
5.426544547080993652e-01,6.873955726623535156e-01,1.386876225471496582e+00
4.613779187202453613e-01,4.939858317375183105e-01,1.211951017379760742e+00
4.889860451221466064e-01,4.499545097351074219e-01,2.134465932846069336e+00
7.988145351409912109e-01,5.873870849609375000e-02,-9.430133700370788574e-01
6.137958765029907227e-01,7.586039304733276367e-01,-1.664549469947814941e+00
8.748450875282287598e-01,3.228478431701660156e-01,-7.315484881401062012e-01
1.399833083152770996e+00,5.985602140426635742e-01,-9.022850990295410156e-01
2.554596960544586182e-01,8.143324255943298340e-01,2.687185764312744141e+00
5.561242103576660156e-01,6.998022794723510742e-01,-1.397864580154418945e+00
9.045000076293945312e-01,4.969485402107238770e-01,-9.069872498512268066e-01
4.710635840892791748e-01,7.310221195220947266e-01,1.466271996498107910e+00
9.827911108732223511e-02,8.898664712905883789e-01,3.701377153396606445e+00
5.744334459304809570e-01,6.949900388717651367e-01,-2.351095676422119141e+00
1.878717660903930664e+00,3.047975301742553711e-01,-4.717735201120376587e-02
3.648559451103210449e-01,8.485866189002990723e-01,1.833180665969848633e+00
1.305926322937011719e+00,2.206780910491943359e-01,3.029615283012390137e-01
1.631982028484344482e-01,9.311093688011169434e-01,2.691276311874389648e+00
1.178312182426452637e+00,2.878131866455078125e-01,-1.927690505981445312e+00
1.058182269334793091e-01,8.697156906127929688e-01,-2.514141798019409180e+00
1.434986710548400879e+00,2.965083718299865723e-01,-9.523776173591613770e-01
6.614205241203308105e-01,8.403373956680297852e-01,-1.801519870758056641e+00
1.183747947216033936e-01,9.584621191024780273e-01,3.077302217483520508e+00
1.415316104888916016e+00,-2.531497478485107422e-01,3.583547770977020264e-01
3.510867357254028320e-01,9.046853780746459961e-01,-2.827860832214355469e+00
2.257182598114013672e+00,5.149424076080322266e-03,1.535754837095737457e-02
5.633145570755004883e-02,9.597536921501159668e-01,4.063620567321777344e+00
1.983401060104370117e+00,1.526601910591125488e-01,-9.075066447257995605e-02
7.734820246696472168e-01,5.814394950866699219e-01,-1.312195181846618652e+00
3.131463289260864258e+00,-4.664332866668701172e-01,1.465459726750850677e-02
2.909007072448730469e+00,-1.522367000579833984e-01,-2.414455562829971313e-01
4.541135132312774658e-01,7.063304185867309570e-01,1.408421516418457031e+00
4.359382987022399902e-01,8.660387992858886719e-01,-2.098457098007202148e+00
2.482030868530273438e+00,1.042781472206115723e-01,6.273084282875061035e-01
1.563494086265563965e+00,3.179597854614257812e-01,-8.249769806861877441e-01
1.903497695922851562e+00,-6.466531753540039062e-02,2.429984509944915771e-02
2.968843221664428711e+00,1.103748679161071777e-01,-7.084234356880187988e-01
1.014878600835800171e-01,9.753663539886474609e-01,-2.599081754684448242e+00
2.017849445343017578e+00,3.063693642616271973e-01,1.047171205282211304e-01
5.692353248596191406e-01,6.365209221839904785e-01,-1.585696578025817871e+00
9.267040491104125977e-01,-4.415643215179443359e-02,4.299861788749694824e-01
9.390175342559814453e-01,5.005390644073486328e-01,1.054810404777526855e+00
1.704107522964477539e+00,-8.932745456695556641e-02,1.815314888954162598e-01
1.183470845222473145e+00,5.458911657333374023e-01,-6.859618425369262695e-01
3.455440402030944824e-01,7.811354398727416992e-01,1.867565631866455078e+00
9.562999606132507324e-01,4.035332798957824707e-01,-7.505877614021301270e-01
7.751923203468322754e-01,-2.556687593460083008e-01,2.139667034149169922e+00
7.209999561309814453e-01,6.886258721351623535e-01,1.122395515441894531e+00
1.183786392211914062e+00,3.120983839035034180e-01,-2.209515720605850220e-01
9.290015697479248047e-01,5.442683696746826172e-01,-9.221653342247009277e-01
2.145182132720947266e+00,1.233201026916503906e-01,1.272166073322296143e-01
1.019804596900939941e+00,3.231826424598693848e-01,8.295260667800903320e-01
5.924338102340698242e-01,8.972947001457214355e-01,-1.605184674263000488e+00
7.876888513565063477e-01,6.412196159362792969e-01,-1.555642366409301758e+00
4.126382172107696533e-01,8.690464496612548828e-01,1.317484974861145020e+00
9.510439038276672363e-01,3.465166091918945312e-01,-5.672741532325744629e-01
9.841416478157043457e-01,8.366823196411132812e-03,5.997506380081176758e-01
4.705736637115478516e-01,7.038028836250305176e-01,1.764307260513305664e+00
1.301385998725891113e+00,5.746617317199707031e-01,-1.570849895477294922e+00
1.144128322601318359e+00,6.001399159431457520e-01,-9.539639949798583984e-01
2.603898346424102783e-01,9.468602538108825684e-01,1.989079952239990234e+00
5.742718577384948730e-01,6.759247183799743652e-01,-1.487479805946350098e+00
6.942385435104370117e-01,6.758776903152465820e-01,-1.202179312705993652e+00
6.005259156227111816e-01,5.063726305961608887e-01,7.292097210884094238e-01
1.123251318931579590e+00,4.248188138008117676e-01,-6.222840547561645508e-01
1.094323754310607910e+00,3.301867246627807617e-01,-9.326740503311157227e-01
6.275304555892944336e-01,4.619766473770141602e-01,1.164461731910705566e+00
1.851447105407714844e+00,3.020720481872558594e-01,-6.602743268013000488e-01
8.077573776245117188e-01,6.380712985992431641e-01,9.468501210212707520e-01
1.527251720428466797e+00,2.821356058120727539e-02,-1.357024461030960083e-01
1.838400840759277344e+00,5.995731353759765625e-01,3.342866599559783936e-01
2.636265516281127930e+00,-1.124167442321777344e-01,5.392946600914001465e-01
8.019328713417053223e-01,5.906347036361694336e-01,-1.200742125511169434e+00
1.461095660924911499e-01,9.279167056083679199e-01,2.562930583953857422e+00
3.920323848724365234e-01,7.818629741668701172e-01,2.427891492843627930e+00
5.914850831031799316e-01,6.458209753036499023e-01,-1.064728140830993652e+00
8.509874343872070312e-01,5.955664515495300293e-01,-1.411688804626464844e+00
2.244767844676971436e-01,4.251477718353271484e-01,1.423163771629333496e+00
1.711559414863586426e+00,2.957320213317871094e-02,-1.960423737764358521e-01
1.229991078376770020e+00,6.037670373916625977e-02,-5.171996355056762695e-01
3.601956740021705627e-02,9.731038212776184082e-01,5.192070484161376953e+00
3.932397365570068359e-01,2.203224897384643555e-01,-1.914651751518249512e+00
9.781211018562316895e-01,4.647446870803833008e-01,1.085831522941589355e+00
1.609590291976928711e+00,-6.233870983123779297e-02,-1.066012829542160034e-01
8.013146519660949707e-01,6.517342925071716309e-01,-1.269453406333923340e+00
1.605899572372436523e+00,1.967803835868835449e-01,-3.125801980495452881e-01
1.258124589920043945e+00,3.556826710700988770e-01,8.036950230598449707e-01
5.330393835902214050e-02,9.852209687232971191e-01,-3.078778505325317383e+00
9.214181303977966309e-01,6.080514192581176758e-01,8.356446623802185059e-01
1.709441065788269043e+00,2.383755445480346680e-01,2.938203811645507812e-01
4.578880965709686279e-01,7.897727489471435547e-01,-1.731042742729187012e+00
1.078261494636535645e+00,7.731574773788452148e-01,-1.575137734413146973e+00
5.265607237815856934e-01,3.644875288009643555e-01,9.063729047775268555e-01
3.478581905364990234e+00,4.912853240966796875e-02,5.186605453491210938e-01
2.849296808242797852e+00,-2.792466878890991211e-01,-1.199750602245330811e-01
2.624760627746582031e+00,-6.109321117401123047e-02,5.431916192173957825e-02
1.701708436012268066e+00,1.809902191162109375e-01,-2.891333699226379395e-01
1.200829267501831055e+00,4.010993242263793945e-01,-1.179069519042968750e+00
7.107351422309875488e-01,8.561725616455078125e-01,-1.772252082824707031e+00
2.001623392105102539e+00,1.211836338043212891e-01,3.100470057688653469e-04
6.804723292589187622e-02,9.481240510940551758e-01,-3.726237535476684570e+00
8.201695680618286133e-01,4.767544865608215332e-01,-1.056344628334045410e+00
9.251208305358886719e-01,7.452493906021118164e-01,1.711262822151184082e+00
2.062068700790405273e+00,1.896975040435791016e-01,8.399741649627685547e-01
4.059230983257293701e-01,8.903405070304870605e-01,-1.670676231384277344e+00
4.915843531489372253e-02,9.676721692085266113e-01,4.704767704010009766e+00
1.486388221383094788e-02,9.889366626739501953e-01,5.828739643096923828e+00
1.246472120285034180e+00,4.060606360435485840e-01,-1.876682162284851074e+00
9.115277975797653198e-02,9.562175869941711426e-01,-2.942609786987304688e+00
2.808962762355804443e-01,7.895601987838745117e-01,-2.431997776031494141e+00
6.742161512374877930e-01,6.780403852462768555e-01,-1.992366790771484375e+00
5.473439097404479980e-01,6.876117587089538574e-01,-2.436801671981811523e+00
2.970903813838958740e-01,8.641778230667114258e-01,2.338483095169067383e+00
5.813191533088684082e-01,5.707062482833862305e-01,1.328135371208190918e+00
2.477697134017944336e-01,8.470249772071838379e-01,2.300595283508300781e+00
1.367707252502441406e+00,-2.352857589721679688e-02,-1.607719659805297852e+00
1.707193732261657715e+00,1.311650872230529785e-01,3.545692861080169678e-01
1.102792620658874512e+00,5.086364746093750000e-01,-1.058040618896484375e+00
6.271281242370605469e-01,1.958701610565185547e-01,7.250556349754333496e-01
5.287022590637207031e-01,7.277501225471496582e-01,-2.208739042282104492e+00
2.187552928924560547e+00,-3.061844110488891602e-01,2.866148948669433594e-01
1.962117999792098999e-01,9.060637950897216797e-01,-2.811807155609130859e+00
9.729427099227905273e-01,4.571596980094909668e-01,-6.188319921493530273e-01
2.047303915023803711e+00,-6.347215175628662109e-02,-2.419222891330718994e-01
2.279833555221557617e+00,-1.924524307250976562e-01,-1.305746287107467651e-01
1.089085221290588379e+00,6.772170066833496094e-01,-1.520707845687866211e+00
1.565755605697631836e+00,-2.836775779724121094e-02,2.722011506557464600e-01
8.364588618278503418e-01,5.029528141021728516e-01,1.027343630790710449e+00
6.126640439033508301e-01,-3.155913352966308594e-01,3.808397054672241211e-02
1.290227174758911133e+00,3.598009943962097168e-01,-4.907684028148651123e-01
3.623791038990020752e-01,7.437223196029663086e-01,-2.086641073226928711e+00
1.194121718406677246e+00,3.186771273612976074e-01,-7.129619121551513672e-01
1.466604709625244141e+00,3.138983845710754395e-01,-6.227177381515502930e-01
2.067377328872680664e+00,-1.579921245574951172e-01,7.607544064521789551e-01
1.345725536346435547e+00,2.692341208457946777e-01,3.325056433677673340e-01
2.450697422027587891e+00,2.053276896476745605e-01,-2.079940289258956909e-01
1.532078385353088379e-01,9.583062529563903809e-01,3.042502164840698242e+00
2.207080125808715820e+00,1.937948465347290039e-01,-5.716196298599243164e-01
1.177911996841430664e+00,4.544876813888549805e-01,8.892764449119567871e-01
1.055386900901794434e+00,6.778494715690612793e-01,-9.476127624511718750e-01
6.995326280593872070e-01,3.367830514907836914e-01,-1.847137928009033203e+00
3.038353323936462402e-01,8.802134990692138672e-01,-1.638043045997619629e+00
8.303735852241516113e-01,2.772356867790222168e-01,-1.134216547012329102e+00
2.062910795211791992e+00,1.475387811660766602e-01,-3.200703263282775879e-01
8.576902151107788086e-01,4.304267764091491699e-01,-8.206418156623840332e-01
2.044127881526947021e-01,7.964422702789306641e-01,-1.819538593292236328e+00
3.411620855331420898e-01,7.817103862762451172e-01,1.766570091247558594e+00
1.513551950454711914e+00,-2.801103591918945312e-01,1.564127504825592041e-01
1.297551989555358887e+00,5.080896019935607910e-01,2.164603233337402344e+00
1.987723708152770996e+00,2.132124304771423340e-01,5.105311274528503418e-01
9.781998395919799805e-01,4.084702730178833008e-01,-1.074877977371215820e+00
1.537162065505981445e-01,9.575846195220947266e-01,-1.972713112831115723e+00
7.897950410842895508e-01,7.798140048980712891e-01,1.621768355369567871e+00
8.638065457344055176e-01,5.907653570175170898e-01,7.917743325233459473e-01
6.883102655410766602e-01,6.738438010215759277e-01,-1.222776889801025391e+00
4.559098184108734131e-01,6.864030361175537109e-01,-1.415210127830505371e+00
1.900324411690235138e-02,9.865529537200927734e-01,6.053827285766601562e+00
7.532052397727966309e-01,2.618523836135864258e-01,1.231326580047607422e+00
2.601063489913940430e+00,-1.576548814773559570e-01,-5.462492629885673523e-02
1.762821793556213379e+00,9.461706876754760742e-02,3.602174818515777588e-01
3.792495131492614746e-01,7.863836288452148438e-01,-1.401457190513610840e+00
8.065921664237976074e-01,1.723797917366027832e-01,-7.497145533561706543e-01
1.649324893951416016e+00,-1.487417221069335938e-01,2.024677097797393799e-01
1.648555874824523926e+00,1.274600028991699219e-01,-7.604402303695678711e-02
5.751248598098754883e-01,8.925901055335998535e-01,-1.565732836723327637e+00
4.371955096721649170e-01,6.492147445678710938e-01,1.602678179740905762e+00
1.944948077201843262e+00,-9.752035140991210938e-03,-1.423349082469940186e-01
8.280156254768371582e-01,3.800169229507446289e-01,1.033545136451721191e+00
7.154060006141662598e-01,5.754581093788146973e-01,9.674799442291259766e-01
1.227648735046386719e+00,5.841860771179199219e-01,-5.873307585716247559e-01
1.016060709953308105e+00,3.439835906028747559e-01,-1.612144708633422852e+00
2.044728994369506836e+00,1.160967350006103516e-01,-2.626930475234985352e-01
3.574095368385314941e-01,8.817292451858520508e-01,1.870871305465698242e+00
9.114359021186828613e-01,5.332421064376831055e-01,-1.199883580207824707e+00
9.960241317749023438e-01,3.615548610687255859e-01,1.940095663070678711e+00
3.466331660747528076e-01,5.994729995727539062e-01,-2.077500820159912109e+00
1.886887431144714355e+00,-1.530488729476928711e-01,-4.585267305374145508e-01
4.195805191993713379e-01,6.361178159713745117e-01,-1.592900872230529785e+00
4.055301845073699951e-01,7.644925117492675781e-01,2.099494695663452148e+00
3.149634838104248047e+00,-3.292088508605957031e-01,1.471005082130432129e-01
3.512973189353942871e-01,8.823029994964599609e-01,1.686924457550048828e+00
1.358440995216369629e+00,2.189841866493225098e-01,-5.392741560935974121e-01
1.202221870422363281e+00,2.399899363517761230e-01,-9.267436265945434570e-01
1.442780613899230957e+00,3.346095681190490723e-01,5.261380076408386230e-01
1.428809404373168945e+00,-2.951284646987915039e-01,4.642260670661926270e-01
1.125739336013793945e+00,3.001493811607360840e-01,-9.219195246696472168e-01
8.471163511276245117e-01,5.125060081481933594e-01,-9.326414465904235840e-01
2.899104118347167969e+00,-3.282339572906494141e-01,1.120288521051406860e-01
5.952044725418090820e-01,8.451511859893798828e-01,1.919317722320556641e+00
6.922558546066284180e-01,5.460741519927978516e-01,1.155091762542724609e+00
2.175666093826293945e+00,1.444880366325378418e-01,7.097557932138442993e-02
6.298143267631530762e-01,3.266171216964721680e-01,-1.303508043289184570e+00
2.847315967082977295e-01,1.370857357978820801e-01,3.700627326965332031e+00
5.567218735814094543e-02,9.842991232872009277e-01,3.341309309005737305e+00
1.221348643302917480e+00,3.121972084045410156e-01,-6.841413378715515137e-01
7.502705454826354980e-01,7.607906460762023926e-01,7.855135202407836914e-01
3.877397179603576660e-01,8.614473938941955566e-01,1.524841785430908203e+00
5.873335599899291992e-01,5.103125572204589844e-01,-1.398706436157226562e+00
1.189098119735717773e+00,5.947900414466857910e-01,-9.197902083396911621e-01
6.178520321846008301e-01,3.807472586631774902e-01,-1.569737911224365234e+00
1.980164945125579834e-01,9.532791376113891602e-01,2.349317312240600586e+00
9.125546813011169434e-01,4.970656633377075195e-01,-1.116651415824890137e+00
4.405189037322998047e+00,-1.145240068435668945e-01,1.461252272129058838e-01
1.954913139343261719e+00,-1.544439792633056641e-02,3.507871925830841064e-01
3.993578851222991943e-01,6.952807903289794922e-01,-1.602260708808898926e+00
2.004286944866180420e-01,6.185086965560913086e-01,-2.193015575408935547e+00
6.615502238273620605e-01,4.367321729660034180e-02,-1.930266618728637695e+00
2.396481990814208984e+00,-3.380991220474243164e-01,7.299201935529708862e-02
9.044569730758666992e-01,6.549723744392395020e-01,5.262596607208251953e-01
8.993026614189147949e-01,4.880421757698059082e-01,-8.402405977249145508e-01
9.153786301612854004e-01,5.972611904144287109e-01,-1.363057255744934082e+00
4.756698131561279297e+00,-4.946625232696533203e-02,8.644308894872665405e-02
7.820389866828918457e-01,6.170440912246704102e-01,1.426029086112976074e+00
1.238387584686279297e+00,5.757643580436706543e-01,-1.036925077438354492e+00
