8.485308885574340820e-01,2.332880496978759766e-01,6.866966485977172852e-01
2.078757286071777344e+00,-7.540690898895263672e-02,1.196170821785926819e-01
2.044169664382934570e+00,-5.680918693542480469e-03,6.804687529802322388e-02
7.416645884513854980e-01,6.524653434753417969e-01,-9.825649857521057129e-01
1.633853793144226074e+00,6.584078073501586914e-02,-1.762720942497253418e-01
1.971295475959777832e+00,1.125192642211914062e-02,-8.945207297801971436e-02
9.809610843658447266e-01,6.824932098388671875e-01,-8.749755024909973145e-01
2.779988050460815430e-01,9.215483069419860840e-01,-2.484141111373901367e+00
8.106116652488708496e-01,6.496431827545166016e-01,-2.245417118072509766e+00
9.672369956970214844e-01,6.012809276580810547e-01,-7.801035046577453613e-01
2.915935754776000977e+00,2.280884981155395508e-01,-2.592816054821014404e-01
6.795088052749633789e-01,7.163790464401245117e-01,-1.594728112220764160e+00
6.432789564132690430e-01,6.175527572631835938e-01,1.223421812057495117e+00
1.893627524375915527e+00,3.250308632850646973e-01,-7.826073765754699707e-01
1.979006528854370117e+00,-3.131031990051269531e-03,-8.073118329048156738e-02
1.243370175361633301e-01,9.661808013916015625e-01,-3.288862466812133789e+00
1.002470925450325012e-01,9.307612180709838867e-01,3.194905757904052734e+00
2.128430753946304321e-01,8.223470449447631836e-01,-2.800651073455810547e+00
1.295496106147766113e+00,5.840624570846557617e-01,-8.695503473281860352e-01
6.970527768135070801e-02,9.762321114540100098e-01,-3.871490001678466797e+00
2.015051603317260742e+00,-4.335582256317138672e-02,-1.114614531397819519e-01
5.095827579498291016e-01,7.399813532829284668e-01,-1.770871162414550781e+00
9.120675325393676758e-01,4.474852085113525391e-01,-9.103385806083679199e-01
1.882404804229736328e+00,1.527845859527587891e-03,-5.228379964828491211e-01
9.471819996833801270e-01,8.078120350837707520e-01,-1.583572745323181152e+00
9.568997621536254883e-01,6.900134086608886719e-01,-9.996241927146911621e-01
4.076982140541076660e-01,8.504309654235839844e-01,1.402162194252014160e+00
1.984486579895019531e+00,-9.360790252685546875e-03,-7.595513761043548584e-02
6.967738866806030273e-01,6.263508796691894531e-01,-1.681198716163635254e+00
1.989548683166503906e+00,-7.636904716491699219e-03,-6.785927712917327881e-02
1.248351931571960449e+00,9.277373552322387695e-02,3.519581556320190430e-01
6.342628598213195801e-01,7.897331714630126953e-01,1.144665956497192383e+00
1.995743632316589355e+00,4.760026931762695312e-04,-7.140849530696868896e-02
1.991130948066711426e+00,-2.273201942443847656e-03,-5.109690129756927490e-02
1.352663159370422363e+00,-3.855335712432861328e-02,-3.729918897151947021e-01
1.994217276573181152e+00,6.292760372161865234e-03,-7.668626308441162109e-02
1.335187673568725586e+00,6.508824825286865234e-01,-8.214063048362731934e-01
1.309196591377258301e+00,4.504625201225280762e-01,-9.030963182449340820e-01
1.985691785812377930e+00,-4.516482353210449219e-03,-7.073207199573516846e-02
1.523815631866455078e+00,2.863608598709106445e-01,-2.396282404661178589e-01
2.247392892837524414e+00,-4.087047576904296875e-01,-1.720785349607467651e-01
8.272848725318908691e-01,-5.361266136169433594e-01,3.613232374191284180e-01
1.259579062461853027e+00,5.788171291351318359e-02,5.674453377723693848e-01
1.988359332084655762e+00,2.521097660064697266e-03,-7.774772495031356812e-02
7.677004337310791016e-01,6.391688585281372070e-01,-1.164244890213012695e+00
7.572642564773559570e-01,4.709553718566894531e-01,1.109794378280639648e+00
2.003098011016845703e+00,-1.351881027221679688e-02,-4.040742665529251099e-02
9.438349008560180664e-01,7.984608411788940430e-02,-8.642735481262207031e-01
1.990603446960449219e+00,8.953154087066650391e-03,-8.657290786504745483e-02
1.606456041336059570e-01,8.866754174232482910e-01,2.481889247894287109e+00
1.950436979532241821e-01,8.931676149368286133e-01,2.233639001846313477e+00
1.185837030410766602e+00,3.642976880073547363e-01,-9.927479624748229980e-01
1.950405359268188477e+00,6.561458110809326172e-03,-7.090673595666885376e-02
9.132222533226013184e-01,4.428887963294982910e-01,-1.309192180633544922e+00
6.961256265640258789e-01,7.604280710220336914e-01,-1.615070939064025879e+00
9.466942548751831055e-01,7.633589506149291992e-01,7.521788477897644043e-01
4.277825057506561279e-01,8.072047829627990723e-01,-2.118987083435058594e+00
1.203192114830017090e+00,6.597219705581665039e-01,-9.857788085937500000e-01
1.989054322242736816e+00,2.200841307640075684e-01,-3.709778189659118652e-01
2.157483100891113281e+00,-3.213417530059814453e-02,-9.231267124414443970e-02
3.555924892425537109e-01,6.446172595024108887e-01,-1.994915246963500977e+00
1.825923323631286621e+00,2.096812725067138672e-01,-8.006125688552856445e-01
1.992331981658935547e+00,-1.364278793334960938e-02,-6.106412410736083984e-02
1.326972246170043945e-01,9.504444003105163574e-01,-3.045012474060058594e+00
1.774937987327575684e+00,9.493815898895263672e-02,-5.369902849197387695e-01
3.092107772827148438e-01,8.302809000015258789e-01,-2.194557905197143555e+00
1.994410753250122070e+00,8.250057697296142578e-03,-6.879618763923645020e-02
4.700173437595367432e-01,7.443596124649047852e-01,-1.557187676429748535e+00
9.245663285255432129e-01,8.099626302719116211e-01,-1.371193289756774902e+00
2.963026165962219238e-01,7.779079675674438477e-01,-2.214605331420898438e+00
1.065088272094726562e+00,7.127916812896728516e-01,-1.188151597976684570e+00
8.949201703071594238e-01,4.631003141403198242e-01,-9.868448376655578613e-01
2.349470615386962891e+00,-2.355885505676269531e-02,7.663440704345703125e-02
1.153947353363037109e+00,6.057575941085815430e-01,1.055162668228149414e+00
9.816346764564514160e-01,7.135794162750244141e-01,-1.466100096702575684e+00
1.694026231765747070e+00,1.757414937019348145e-01,1.664423346519470215e-01
4.693662226200103760e-01,7.945269346237182617e-01,-1.533619761466979980e+00
1.335416585206985474e-01,9.357277154922485352e-01,2.660903453826904297e+00
1.983093023300170898e+00,1.290464401245117188e-02,-8.178268373012542725e-02
1.791610121726989746e+00,2.515221834182739258e-01,-5.829450488090515137e-01
5.847517251968383789e-01,7.691683173179626465e-01,1.485491991043090820e+00
7.240634560585021973e-01,6.492785811424255371e-01,1.409719109535217285e+00
1.818215966224670410e+00,-4.683494567871093750e-03,-1.727761030197143555e-01
2.349088430404663086e+00,-2.325427532196044922e-01,3.171625733375549316e-02
1.999133229255676270e+00,7.150769233703613281e-04,-5.272844806313514709e-02
1.524339795112609863e+00,-1.378010511398315430e-01,1.687780320644378662e-01
1.343960046768188477e+00,-3.164529800415039062e-02,2.446453571319580078e-01
1.998298883438110352e+00,4.429996013641357422e-03,-5.332675576210021973e-02
2.204658269882202148e+00,9.878891706466674805e-02,2.121055684983730316e-02
3.994934260845184326e-01,8.558502793312072754e-01,-1.950322747230529785e+00
2.528921961784362793e-01,8.614453077316284180e-01,-2.560071945190429688e+00
2.688969612121582031e+00,-1.415063142776489258e-01,3.356547281146049500e-02
1.655523419380187988e+00,4.994688630104064941e-01,-5.414120554924011230e-01
1.991011738777160645e+00,-3.295779228210449219e-03,-6.249717995524406433e-02
6.259098052978515625e-01,8.180428743362426758e-01,2.031048059463500977e+00
1.535220742225646973e+00,2.884669303894042969e-01,2.257235199213027954e-01
1.148340463638305664e+00,6.127525568008422852e-01,-1.148988604545593262e+00
2.103389263153076172e+00,2.337419390678405762e-01,-1.387273613363504410e-02
8.399061560630798340e-01,5.580599308013916016e-01,9.824683666229248047e-01
3.677992522716522217e-01,8.343897461891174316e-01,-1.819505095481872559e+00
1.896196246147155762e+00,3.043919801712036133e-01,-3.695802688598632812e-01
5.649347305297851562e-01,7.431112527847290039e-01,-1.632811427116394043e+00
1.967617869377136230e+00,8.839190006256103516e-03,-8.673871308565139771e-02
1.515902161598205566e+00,4.049715399742126465e-01,-1.272363781929016113e+00
2.014412164688110352e+00,-5.409455299377441406e-02,9.448795020580291748e-02
2.367808580398559570e+00,-7.107138633728027344e-02,-1.950933933258056641e-01
1.981348037719726562e+00,3.997504711151123047e-03,-8.627977967262268066e-02
1.480780959129333496e+00,3.007177710533142090e-01,3.189650774002075195e-01
4.224588572978973389e-01,6.008435487747192383e-01,-2.153967618942260742e+00
4.476353228092193604e-01,7.405191063880920410e-01,1.970109462738037109e+00
1.329244375228881836e+00,3.908284306526184082e-01,4.121277034282684326e-01
6.856283545494079590e-01,4.996950030326843262e-01,-1.463943362236022949e+00
1.430876493453979492e+00,6.670405864715576172e-01,8.129517436027526855e-01
2.074922800064086914e+00,-3.396368026733398438e-02,1.613420397043228149e-01
7.817718982696533203e-01,6.420509815216064453e-01,1.259916186332702637e+00
1.946085810661315918e+00,-5.886316299438476562e-02,-7.093486189842224121e-02
5.258585810661315918e-01,7.428446412086486816e-01,-1.434212565422058105e+00
1.971087932586669922e+00,2.984815835952758789e-02,-9.104215353727340698e-02
1.510752439498901367e+00,4.749932885169982910e-01,-7.487386465072631836e-01
1.996368288993835449e+00,2.500128746032714844e-02,1.593894660472869873e-01
2.286084592342376709e-01,8.969413042068481445e-01,-1.881234049797058105e+00
1.976477980613708496e+00,-4.938244819641113281e-03,-7.958769053220748901e-02
1.435530781745910645e+00,7.467676401138305664e-01,3.765608668327331543e-01
1.587379097938537598e+00,1.013250350952148438e-01,2.008633911609649658e-01
1.996228933334350586e+00,-1.543879508972167969e-03,-5.848768725991249084e-02
2.223207712173461914e+00,1.285961866378784180e-01,-2.111964225769042969e-01
1.625467419624328613e+00,3.160431981086730957e-01,-7.800057530403137207e-01
2.160796403884887695e+00,5.159962177276611328e-02,3.031252324581146240e-01
1.553752064704895020e+00,-2.276006937026977539e-01,4.016825854778289795e-01
2.523565769195556641e+00,-6.247007846832275391e-02,7.624480873346328735e-02
1.737891554832458496e+00,5.011129379272460938e-02,-3.015329539775848389e-01
1.463852405548095703e+00,3.629913330078125000e-01,-6.715777516365051270e-01
1.983597755432128906e+00,1.030701398849487305e-02,-8.365581184625625610e-02
2.433248758316040039e+00,5.628597736358642578e-02,-2.459577471017837524e-01
7.923557758331298828e-01,6.904562711715698242e-01,7.690200209617614746e-01
1.991481661796569824e+00,1.121252775192260742e-02,-5.248180404305458069e-02
1.990063905715942383e+00,-3.553152084350585938e-03,-7.991773635149002075e-02
2.000597715377807617e+00,-1.050591468811035156e-03,-4.467452317476272583e-02
1.989721775054931641e+00,1.434165239334106445e-02,-4.088657721877098083e-02
2.358800768852233887e-01,8.912088871002197266e-01,-1.966095566749572754e+00
2.893768250942230225e-01,7.755336165428161621e-01,-2.580968379974365234e+00
1.916564553976058960e-01,9.391348958015441895e-01,-2.547551393508911133e+00
2.361826181411743164e+00,-1.096409559249877930e-01,-6.308877468109130859e-02
1.226364374160766602e+00,3.890177607536315918e-01,-7.579981088638305664e-01
1.963913559913635254e+00,1.468188762664794922e-01,2.366643399000167847e-01
3.839190602302551270e-01,8.528271913528442383e-01,1.311861157417297363e+00
1.985794901847839355e+00,-1.727664470672607422e-02,-4.821030050516128540e-02
2.494203448295593262e-01,5.999896526336669922e-01,-3.052259922027587891e+00
5.543052554130554199e-01,9.363390207290649414e-01,-2.806219339370727539e+00
6.994330883026123047e-01,6.674637794494628906e-01,-8.725333213806152344e-01
1.516687750816345215e+00,3.914662003517150879e-01,-5.168325304985046387e-01
8.323068916797637939e-02,9.298012256622314453e-01,3.214489459991455078e+00
1.589882254600524902e+00,3.874085545539855957e-01,-6.639529466629028320e-01
6.645367145538330078e-01,6.265091896057128906e-01,6.120827198028564453e-01
2.287935972213745117e+00,-1.730022430419921875e-01,-1.515884548425674438e-01
6.358284503221511841e-02,9.607168436050415039e-01,3.751801490783691406e+00
2.307240009307861328e+00,-1.467345952987670898e-01,-7.140912115573883057e-02
1.169888138771057129e+00,6.317296624183654785e-01,5.139915943145751953e-01
1.949562281370162964e-01,8.935453295707702637e-01,-2.605931520462036133e+00
8.899467587471008301e-01,4.805718064308166504e-01,9.125711321830749512e-01
2.747526407241821289e+00,-9.902000427246093750e-02,-8.259658515453338623e-02
3.948472142219543457e-01,8.410574197769165039e-01,-2.035721063613891602e+00
2.212085008621215820e+00,-2.553573846817016602e-01,1.017931848764419556e-01
4.686226248741149902e-01,7.312009930610656738e-01,1.159112215042114258e+00
3.654981851577758789e+00,-2.469105720520019531e-01,-1.532452404499053955e-01
1.998439669609069824e+00,5.359709262847900391e-03,-5.188909173011779785e-02
4.224413335323333740e-01,8.025388717651367188e-01,1.272670745849609375e+00
1.164947152137756348e+00,7.820080518722534180e-01,-9.531649947166442871e-01
1.611093163490295410e+00,-1.008280515670776367e-01,-4.964957535266876221e-01
1.696884632110595703e+00,-1.579630374908447266e-02,-3.057956695556640625e-01
1.987932801246643066e+00,1.435494422912597656e-02,-6.650252640247344971e-02
2.776528894901275635e-01,7.856774330139160156e-01,-1.672494888305664062e+00
1.925080060958862305e+00,-1.347148418426513672e-02,1.786337494850158691e-01
1.200332269072532654e-01,9.300425052642822266e-01,-2.939015150070190430e+00
1.993229389190673828e+00,-1.455104351043701172e-02,-7.902336865663528442e-02
3.397466540336608887e-01,8.065569400787353516e-01,1.786975979804992676e+00
6.703363358974456787e-02,9.386944174766540527e-01,-2.961622238159179688e+00
5.304161906242370605e-01,7.922883629798889160e-01,-1.894981741905212402e+00
1.977448463439941406e+00,1.575797796249389648e-02,-5.386882275342941284e-02
1.861257195472717285e+00,4.335062503814697266e-01,-5.861582159996032715e-01
1.075455069541931152e+00,5.804579257965087891e-01,8.533958792686462402e-01
1.990376949310302734e+00,1.879870891571044922e-03,-6.582801043987274170e-02
1.294962912797927856e-01,9.136523604393005371e-01,-3.400722980499267578e+00
9.733558893203735352e-01,6.849478483200073242e-01,8.154365420341491699e-01
1.987591028213500977e+00,3.451764583587646484e-03,-7.026673853397369385e-02
1.980938792228698730e+00,-1.888453960418701172e-02,-8.369977772235870361e-02
8.273348212242126465e-01,7.558335661888122559e-01,1.033295392990112305e+00
1.267178773880004883e+00,1.510570049285888672e-01,2.822903394699096680e-01
1.310427188873291016e+00,2.307451963424682617e-01,-7.240005135536193848e-01
2.606845796108245850e-01,8.495750427246093750e-01,-1.740335941314697266e+00
6.885544657707214355e-01,6.433662176132202148e-01,1.498022526502609253e-01
1.988877654075622559e+00,-3.192782402038574219e-03,-7.064835727214813232e-02
6.035282611846923828e-01,6.957818269729614258e-01,-1.845270514488220215e+00
7.132887244224548340e-01,7.588571310043334961e-01,-1.251172423362731934e+00
8.944359421730041504e-01,5.257684588432312012e-01,-9.263355135917663574e-01
3.475230634212493896e-01,7.430300712585449219e-01,-1.939429759979248047e+00
7.435047030448913574e-01,5.505664348602294922e-01,1.369561195373535156e+00
6.093830242753028870e-02,9.407227635383605957e-01,3.621948480606079102e+00
1.404401779174804688e+00,-1.360280513763427734e-01,-5.987601280212402344e-01
1.431348919868469238e+00,1.906062364578247070e-01,3.107860386371612549e-01
1.827085018157958984e+00,9.826326370239257812e-02,-1.950264424085617065e-01
1.971865892410278320e+00,-6.867170333862304688e-03,-7.605753093957901001e-02
1.109675407409667969e+00,2.056938409805297852e-02,6.504743099212646484e-01
3.067143447697162628e-02,9.831898212432861328e-01,-3.807093381881713867e+00
3.666414022445678711e+00,-4.155995845794677734e-01,6.540092080831527710e-02
1.021523714065551758e+00,5.421532392501831055e-01,-1.196392774581909180e+00
1.012961745262145996e+00,3.004198670387268066e-01,5.889862775802612305e-01
1.604116201400756836e+00,-1.063758134841918945e-01,9.023737907409667969e-02
1.981261849403381348e+00,1.569926738739013672e-03,-8.520306646823883057e-02
1.457603812217712402e+00,3.457625508308410645e-01,-9.669903516769409180e-01
1.511942982673645020e+00,1.501465439796447754e-01,-3.468068540096282959e-01
1.893031001091003418e+00,1.264472603797912598e-01,-1.712326556444168091e-01
5.466462373733520508e-01,3.255097866058349609e-01,9.199864864349365234e-01
4.806640744209289551e-01,8.795613050460815430e-01,2.407727003097534180e+00
2.322215557098388672e+00,-8.462810516357421875e-02,2.767896652221679688e-02
8.310816287994384766e-01,6.107192039489746094e-01,8.899369239807128906e-01
1.107256650924682617e+00,4.431871771812438965e-01,6.995742321014404297e-01
1.979583978652954102e+00,1.269912719726562500e-02,-8.031155169010162354e-02
1.921575784683227539e+00,1.329085826873779297e-01,-4.655861556529998779e-01
1.996272087097167969e+00,9.144067764282226562e-03,-5.381294712424278259e-02
1.447190642356872559e+00,3.583838343620300293e-01,5.122094154357910156e-01
1.480668187141418457e+00,1.488634347915649414e-01,-4.860168099403381348e-01
4.445483386516571045e-01,9.349089264869689941e-01,-2.071242332458496094e+00
1.983701705932617188e+00,5.915462970733642578e-03,-8.140585571527481079e-02
8.398649096488952637e-01,7.118691205978393555e-01,-1.470202088356018066e+00
8.753473758697509766e-01,7.149286270141601562e-01,9.139992594718933105e-01
1.566108316183090210e-01,9.650537967681884766e-01,-2.672273159027099609e+00
2.164296150207519531e+00,7.093703746795654297e-02,3.012603148818016052e-03
1.987053036689758301e+00,1.005351543426513672e-03,-8.488056063652038574e-02
1.991653919219970703e+00,1.513540744781494141e-02,-7.650275528430938721e-02
2.338111639022827148e+00,-7.428145408630371094e-02,-3.625488653779029846e-02
2.167071402072906494e-01,8.536006808280944824e-01,-2.478123188018798828e+00
1.582204818725585938e+00,1.896615624427795410e-01,-4.748425483703613281e-01
1.986973524093627930e+00,6.589353084564208984e-03,-6.840024888515472412e-02
1.260200977325439453e+00,4.219202995300292969e-01,7.026050686836242676e-01
1.992535710334777832e+00,-4.615545272827148438e-03,-7.210716605186462402e-02
7.408794164657592773e-01,8.388752341270446777e-01,-2.027899026870727539e+00
1.746372103691101074e+00,-6.639134883880615234e-02,-2.665117383003234863e-01
3.911363184452056885e-01,4.160263538360595703e-01,-1.855740666389465332e+00
1.600601822137832642e-01,9.561504721641540527e-01,-2.400137186050415039e+00
2.138601541519165039e+00,-1.122052669525146484e-01,6.342148035764694214e-02
1.992535114288330078e+00,1.082623004913330078e-02,-5.891990661621093750e-02
5.249358415603637695e-01,6.170762181282043457e-01,1.314473271369934082e+00
2.028812468051910400e-01,8.574553728103637695e-01,2.536993980407714844e+00
1.009496927261352539e+00,6.053092479705810547e-01,7.042933702468872070e-01
1.783001661300659180e+00,2.605580687522888184e-01,2.647479474544525146e-01
8.603569865226745605e-02,9.393789768218994141e-01,3.201352357864379883e+00
1.657506823539733887e+00,1.556255221366882324e-01,-4.788632690906524658e-01
6.794047355651855469e-01,6.577702760696411133e-01,-1.556580781936645508e+00
4.850917160511016846e-01,6.528350710868835449e-01,-1.347356915473937988e+00
1.691710352897644043e+00,-1.181551218032836914e-01,1.186059191823005676e-01
5.834659934043884277e-01,7.233673334121704102e-01,-1.533439397811889648e+00
7.922300696372985840e-02,9.675105214118957520e-01,-3.581889390945434570e+00
2.868497967720031738e-01,8.779261708259582520e-01,-2.439870595932006836e+00
1.564175963401794434e+00,2.358189225196838379e-01,4.008890092372894287e-01
1.971640825271606445e+00,1.801580190658569336e-02,-9.120486676692962646e-02
8.296420574188232422e-01,2.434179782867431641e-01,6.990602016448974609e-01
2.094453573226928711e+00,-6.441116333007812500e-02,1.127760112285614014e-01
2.045266628265380859e+00,-5.864739418029785156e-03,7.056368887424468994e-02
6.858914494514465332e-01,6.753160953521728516e-01,-1.066752910614013672e+00
1.707191348075866699e+00,5.389922857284545898e-02,-1.890812963247299194e-01
1.992852687835693359e+00,1.285076141357421875e-04,-5.994966998696327209e-02
9.616050124168395996e-01,6.936913728713989258e-01,-8.849657177925109863e-01
2.911421954631805420e-01,9.209227561950683594e-01,-2.455475091934204102e+00
8.119950294494628906e-01,6.496316194534301758e-01,-2.240213632583618164e+00
1.007662892341613770e+00,5.932505726814270020e-01,-7.454002499580383301e-01
2.880150556564331055e+00,1.842371821403503418e-01,-2.438701242208480835e-01
6.275609135627746582e-01,7.409445047378540039e-01,-1.654382109642028809e+00
6.768327355384826660e-01,5.985847115516662598e-01,1.186114311218261719e+00
1.882478833198547363e+00,3.836554884910583496e-01,-7.800464630126953125e-01
1.992248535156250000e+00,-5.419254302978515625e-03,-6.026995182037353516e-02
1.252753436565399170e-01,9.658466577529907227e-01,-3.291898727416992188e+00
1.007919162511825562e-01,9.294282197952270508e-01,3.196500062942504883e+00
2.116670757532119751e-01,8.202415108680725098e-01,-2.794959306716918945e+00
1.317761540412902832e+00,5.707016587257385254e-01,-8.536861538887023926e-01
6.546528637409210205e-02,9.772900342941284180e-01,-3.926368713378906250e+00
2.020099639892578125e+00,-3.428149223327636719e-02,-1.040968000888824463e-01
5.755411386489868164e-01,7.162120342254638672e-01,-1.648163557052612305e+00
9.598121643066406250e-01,4.072957634925842285e-01,-8.642841577529907227e-01
1.883952260017395020e+00,3.248572349548339844e-03,-5.211054682731628418e-01
9.474278092384338379e-01,8.091791272163391113e-01,-1.581855177879333496e+00
9.298032522201538086e-01,7.062131762504577637e-01,-1.035839915275573730e+00
4.285789132118225098e-01,8.456137776374816895e-01,1.364201903343200684e+00
1.989146709442138672e+00,1.439964771270751953e-02,-6.906299293041229248e-02
6.989326477050781250e-01,6.330118179321289062e-01,-1.655586600303649902e+00
1.989040851593017578e+00,1.276683807373046875e-02,-6.839469075202941895e-02
1.253763556480407715e+00,8.003622293472290039e-02,3.629811704158782959e-01
5.867204070091247559e-01,8.073201775550842285e-01,1.204368591308593750e+00
1.997754812240600586e+00,-2.872347831726074219e-03,-5.960067361593246460e-02
1.991306662559509277e+00,2.554535865783691406e-03,-5.071448907256126404e-02
1.334578037261962891e+00,-3.409624099731445312e-02,-3.854100704193115234e-01
1.995082378387451172e+00,-4.861831665039062500e-03,-7.213899493217468262e-02
1.338908672332763672e+00,6.382707953453063965e-01,-8.217194676399230957e-01
1.320369720458984375e+00,4.513785839080810547e-01,-8.876960873603820801e-01
1.978556394577026367e+00,1.161515712738037109e-02,-7.982298731803894043e-02
1.574728965759277344e+00,2.496848702430725098e-01,-2.284250408411026001e-01
2.239773035049438477e+00,-4.228656291961669922e-01,-1.646931618452072144e-01
8.118000626564025879e-01,-5.240132808685302734e-01,3.740417957305908203e-01
1.261266112327575684e+00,4.509752988815307617e-02,5.693869590759277344e-01
1.982078194618225098e+00,1.661181449890136719e-02,-9.330060333013534546e-02
7.592176795005798340e-01,6.428041458129882812e-01,-1.163384079933166504e+00
7.633664608001708984e-01,4.535579681396484375e-01,1.112895727157592773e+00
1.997828483581542969e+00,-2.810668945312500000e-02,-4.950780421495437622e-02
9.404886960983276367e-01,7.811903953552246094e-02,-8.664460182189941406e-01
1.994449138641357422e+00,1.675266027450561523e-02,-7.150740176439285278e-02
1.591083556413650513e-01,8.895702362060546875e-01,2.498125314712524414e+00
1.865975558757781982e-01,8.950966596603393555e-01,2.278895378112792969e+00
1.197555184364318848e+00,3.660095334053039551e-01,-9.926630854606628418e-01
1.998115777969360352e+00,1.238155364990234375e-02,-4.634752497076988220e-02
9.413441419601440430e-01,4.648684859275817871e-01,-1.281592130661010742e+00
7.075534462928771973e-01,7.532529830932617188e-01,-1.604409933090209961e+00
1.029248118400573730e+00,7.284879088401794434e-01,6.881252527236938477e-01
4.342049360275268555e-01,8.116062879562377930e-01,-2.098190307617187500e+00
1.207453489303588867e+00,6.566549539566040039e-01,-9.899277687072753906e-01
1.972382307052612305e+00,2.374942302703857422e-01,-3.870236277580261230e-01
2.152266979217529297e+00,-4.625284671783447266e-02,-9.387695044279098511e-02
3.542317152023315430e-01,6.439433097839355469e-01,-1.999824285507202148e+00
1.745309710502624512e+00,1.912617087364196777e-01,-8.652914166450500488e-01
1.991786360740661621e+00,-9.815573692321777344e-03,-6.223494559526443481e-02
1.360717266798019409e-01,9.499456286430358887e-01,-3.014319658279418945e+00
1.808852195739746094e+00,1.007229089736938477e-01,-5.359373688697814941e-01
3.103241324424743652e-01,8.268711566925048828e-01,-2.181095838546752930e+00
1.992108345031738281e+00,-1.752734184265136719e-02,-7.692310959100723267e-02
4.526335000991821289e-01,7.530175447463989258e-01,-1.600231766700744629e+00
9.260119199752807617e-01,8.116872310638427734e-01,-1.376043438911437988e+00
2.918791472911834717e-01,7.733213305473327637e-01,-2.216651916503906250e+00
1.075909376144409180e+00,7.129867076873779297e-01,-1.168465852737426758e+00
9.103114008903503418e-01,4.630585908889770508e-01,-9.966275691986083984e-01
2.308053970336914062e+00,-1.973054409027099609e-01,5.087520927190780640e-02
1.069584250450134277e+00,6.466893553733825684e-01,1.146457791328430176e+00
9.485445618629455566e-01,7.194231748580932617e-01,-1.440708279609680176e+00
1.700935363769531250e+00,1.583837270736694336e-01,1.760500669479370117e-01
4.691335260868072510e-01,7.935944795608520508e-01,-1.534341454505920410e+00
1.377154439687728882e-01,9.333299994468688965e-01,2.631149053573608398e+00
1.983230113983154297e+00,2.914726734161376953e-03,-8.194500207901000977e-02
1.807264208793640137e+00,2.301038503646850586e-01,-5.779282450675964355e-01
6.209598183631896973e-01,7.497123479843139648e-01,1.426924228668212891e+00
7.424211502075195312e-01,6.453593969345092773e-01,1.394460082054138184e+00
1.821822404861450195e+00,4.337728023529052734e-03,-1.704207956790924072e-01
2.369317770004272461e+00,-2.425137758255004883e-01,2.465911582112312317e-02
1.996786594390869141e+00,-3.213167190551757812e-03,-5.839877948164939880e-02
1.513890862464904785e+00,-1.298186779022216797e-01,1.727396100759506226e-01
1.264044284820556641e+00,2.568268775939941406e-02,2.566670775413513184e-01
1.997407913208007812e+00,5.093514919281005859e-03,-5.752550065517425537e-02
2.313785552978515625e+00,9.240531921386718750e-02,4.170055314898490906e-02
4.063839912414550781e-01,8.502045869827270508e-01,-1.950856685638427734e+00
2.479555457830429077e-01,8.595717549324035645e-01,-2.569441556930541992e+00
2.727284431457519531e+00,-8.759033679962158203e-02,1.420376636087894440e-02
1.682364344596862793e+00,5.040521621704101562e-01,-5.257309675216674805e-01
1.977152466773986816e+00,1.637727022171020508e-02,-8.191251754760742188e-02
6.302029490470886230e-01,8.175104260444641113e-01,2.019845485687255859e+00
1.569660186767578125e+00,4.499902725219726562e-01,8.392257243394851685e-02
1.144883632659912109e+00,6.158409118652343750e-01,-1.141536235809326172e+00
2.055120468139648438e+00,2.564209699630737305e-01,-3.088576719164848328e-02
8.139888048171997070e-01,5.767117738723754883e-01,1.018797159194946289e+00
3.826921284198760986e-01,8.309606313705444336e-01,-1.788316369056701660e+00
1.973141312599182129e+00,3.121125698089599609e-01,-3.410708308219909668e-01
5.606133937835693359e-01,7.480133771896362305e-01,-1.629329204559326172e+00
1.972488045692443848e+00,2.332943677902221680e-02,-8.003240823745727539e-02
1.528920054435729980e+00,4.063063263893127441e-01,-1.251631140708923340e+00
2.017530441284179688e+00,-9.398043155670166016e-02,8.015260845422744751e-02
2.431403875350952148e+00,4.380261898040771484e-02,-1.765844821929931641e-01
1.987634539604187012e+00,1.172983646392822266e-02,-7.177762687206268311e-02
1.465631365776062012e+00,3.252449035644531250e-01,3.204926252365112305e-01
4.228966534137725830e-01,6.003820896148681641e-01,-2.140254497528076172e+00
4.510472416877746582e-01,7.390226125717163086e-01,1.956261634826660156e+00
1.298413276672363281e+00,4.147897958755493164e-01,4.385344982147216797e-01
6.982540488243103027e-01,5.037713646888732910e-01,-1.455963611602783203e+00
1.397725820541381836e+00,6.816920042037963867e-01,8.649469017982482910e-01
2.003058195114135742e+00,-3.973245620727539062e-04,1.823356747627258301e-01
7.559043169021606445e-01,6.563036441802978516e-01,1.300582647323608398e+00
1.940546751022338867e+00,-4.771852493286132812e-02,-6.830316036939620972e-02
5.200790762901306152e-01,7.466254234313964844e-01,-1.444733619689941406e+00
1.989606738090515137e+00,-8.525967597961425781e-03,-6.965225934982299805e-02
1.537745594978332520e+00,4.553106427192687988e-01,-7.346356511116027832e-01
1.945061564445495605e+00,3.515297174453735352e-02,1.752086132764816284e-01
2.162167429924011230e-01,9.026834368705749512e-01,-1.930182218551635742e+00
1.990618824958801270e+00,-8.137226104736328125e-04,-6.104423105716705322e-02
1.455414891242980957e+00,7.410862445831298828e-01,3.757094740867614746e-01
1.546202778816223145e+00,1.435734629631042480e-01,2.161730378866195679e-01
1.990259528160095215e+00,1.132065057754516602e-02,-7.225730270147323608e-02
2.175371646881103516e+00,8.876323699951171875e-02,-2.276176512241363525e-01
1.603144049644470215e+00,2.995964884757995605e-01,-8.166226148605346680e-01
2.154200553894042969e+00,5.965870618820190430e-02,3.090409934520721436e-01
1.570872783660888672e+00,-2.334467172622680664e-01,3.984963595867156982e-01
2.498015165328979492e+00,-7.623529434204101562e-02,6.798440963029861450e-02
1.715614795684814453e+00,7.738435268402099609e-02,-3.098119199275970459e-01
1.457413077354431152e+00,3.573137521743774414e-01,-6.779829263687133789e-01
1.989622354507446289e+00,-1.249563694000244141e-02,-7.230461388826370239e-02
2.460904598236083984e+00,4.563033580780029297e-02,-2.416661530733108521e-01
8.198181986808776855e-01,6.736003756523132324e-01,7.460611462593078613e-01
1.986626625061035156e+00,-3.794789314270019531e-03,-5.776181071996688843e-02
1.999624490737915039e+00,-3.314018249511718750e-05,-5.244633927941322327e-02
1.992001771926879883e+00,-6.726264953613281250e-03,-6.335636228322982788e-02
1.988797068595886230e+00,-3.671526908874511719e-03,-4.173249378800392151e-02
2.229816019535064697e-01,8.969076275825500488e-01,-2.037354946136474609e+00
2.997434139251708984e-01,7.778462171554565430e-01,-2.565761327743530273e+00
1.928624808788299561e-01,9.382259249687194824e-01,-2.555611848831176758e+00
2.361607074737548828e+00,-6.648480892181396484e-02,-7.672928273677825928e-02
1.181256055831909180e+00,4.183139204978942871e-01,-7.683624625205993652e-01
1.960480809211730957e+00,1.584552526473999023e-01,2.448474615812301636e-01
4.081726074218750000e-01,8.411907553672790527e-01,1.242547631263732910e+00
2.004704475402832031e+00,1.493394374847412109e-02,-3.664771467447280884e-02
2.526884078979492188e-01,6.003420352935791016e-01,-3.057693481445312500e+00
5.504209995269775391e-01,9.354896545410156250e-01,-2.817350387573242188e+00
7.154318094253540039e-01,6.687315702438354492e-01,-8.347185850143432617e-01
1.497815966606140137e+00,4.196644425392150879e-01,-5.317634940147399902e-01
8.237368613481521606e-02,9.310929179191589355e-01,3.237680673599243164e+00
1.558117270469665527e+00,3.965969085693359375e-01,-6.809266209602355957e-01
6.885201334953308105e-01,6.166009902954101562e-01,5.740901827812194824e-01
2.298371076583862305e+00,-1.581088304519653320e-01,-1.455276161432266235e-01
6.328263133764266968e-02,9.599409103393554688e-01,3.748533487319946289e+00
2.291862726211547852e+00,-1.408911943435668945e-01,-6.837886571884155273e-02
1.272921562194824219e+00,5.737116336822509766e-01,4.537301957607269287e-01
1.997378617525100708e-01,8.890529274940490723e-01,-2.577847480773925781e+00
9.110179543495178223e-01,4.685471057891845703e-01,8.789144158363342285e-01
2.564926624298095703e+00,-4.812479019165039062e-02,-7.863760739564895630e-02
4.179173409938812256e-01,8.307046294212341309e-01,-1.964874863624572754e+00
2.252145051956176758e+00,-2.685261964797973633e-01,1.014217287302017212e-01
3.555366992950439453e-01,8.151307106018066406e-01,1.411695241928100586e+00
3.709093093872070312e+00,-2.428245544433593750e-01,-1.625331193208694458e-01
1.991615891456604004e+00,-7.484197616577148438e-03,-6.178557500243186951e-02
4.485794901847839355e-01,7.893229722976684570e-01,1.220461249351501465e+00
1.222017049789428711e+00,7.662042379379272461e-01,-8.975321650505065918e-01
1.567220687866210938e+00,-1.212306022644042969e-01,-5.213155150413513184e-01
1.734045028686523438e+00,-3.173959255218505859e-02,-2.902344465255737305e-01
1.987075448036193848e+00,9.308159351348876953e-03,-6.827838718891143799e-02
2.783192396163940430e-01,7.856063842773437500e-01,-1.668958306312561035e+00
1.858922958374023438e+00,-5.643725395202636719e-03,1.919558644294738770e-01
1.239163950085639954e-01,9.280939102172851562e-01,-2.900884866714477539e+00
1.990369439125061035e+00,-1.021623611450195312e-04,-8.918862789869308472e-02
3.524199426174163818e-01,7.951751351356506348e-01,1.742632627487182617e+00
6.442356109619140625e-02,9.383004307746887207e-01,-3.001736640930175781e+00
5.261675119400024414e-01,7.952988743782043457e-01,-1.899717688560485840e+00
1.966529130935668945e+00,6.959438323974609375e-03,-6.484807282686233521e-02
1.838006019592285156e+00,4.455855488777160645e-01,-6.075583100318908691e-01
1.086354613304138184e+00,5.744954347610473633e-01,8.445699810981750488e-01
2.001303195953369141e+00,8.719742298126220703e-03,-4.785969108343124390e-02
1.308463364839553833e-01,9.150975942611694336e-01,-3.391650438308715820e+00
9.279683232307434082e-01,7.038501501083374023e-01,8.588642477989196777e-01
1.988154768943786621e+00,-5.163073539733886719e-03,-6.938117742538452148e-02
1.987011909484863281e+00,-4.957795143127441406e-03,-7.227891683578491211e-02
7.676860094070434570e-01,7.812718152999877930e-01,1.116231679916381836e+00
1.158837318420410156e+00,2.675777077674865723e-01,3.421344161033630371e-01
1.296681165695190430e+00,2.262694835662841797e-01,-7.277560234069824219e-01
3.266127109527587891e-01,8.124341964721679688e-01,-1.471933960914611816e+00
5.616970658302307129e-01,6.971312761306762695e-01,3.923773467540740967e-01
1.976170063018798828e+00,-1.355147361755371094e-02,-9.702973067760467529e-02
6.145333051681518555e-01,6.996888518333435059e-01,-1.826493620872497559e+00
7.840812206268310547e-01,7.326223850250244141e-01,-1.154295563697814941e+00
8.946912884712219238e-01,5.265811681747436523e-01,-9.236249327659606934e-01
3.347050845623016357e-01,7.462412118911743164e-01,-1.955709815025329590e+00
7.370871305465698242e-01,5.507147312164306641e-01,1.390946388244628906e+00
6.031830608844757080e-02,9.405480623245239258e-01,3.612964153289794922e+00
1.437500119209289551e+00,-1.338721513748168945e-01,-5.703698396682739258e-01
1.416872024536132812e+00,2.027167081832885742e-01,3.167204856872558594e-01
1.787524342536926270e+00,1.183441281318664551e-01,-2.056426256895065308e-01
1.974329829216003418e+00,1.455205678939819336e-02,-7.250661402940750122e-02
1.107975125312805176e+00,2.090018987655639648e-02,6.521634459495544434e-01
4.923840612173080444e-02,9.732806682586669922e-01,-3.265940427780151367e+00
3.665908336639404297e+00,-4.047286510467529297e-01,5.185852199792861938e-02
1.026553750038146973e+00,5.373746156692504883e-01,-1.192667245864868164e+00
9.210305809974670410e-01,3.478825688362121582e-01,6.178259253501892090e-01
1.501160383224487305e+00,-8.025228977203369141e-02,1.085661426186561584e-01
1.988282918930053711e+00,-4.231929779052734375e-05,-7.214788347482681274e-02
1.468706130981445312e+00,3.514672517776489258e-01,-9.772006273269653320e-01
1.499964714050292969e+00,1.537905335426330566e-01,-3.608186244964599609e-01
2.032869815826416016e+00,4.681128263473510742e-02,-1.369868069887161255e-01
5.705543160438537598e-01,2.992109060287475586e-01,8.922438025474548340e-01
4.756017625331878662e-01,8.823254704475402832e-01,2.417677640914916992e+00
2.324831485748291016e+00,-8.586180210113525391e-02,2.651033923029899597e-02
8.328206539154052734e-01,6.101099252700805664e-01,8.869709968566894531e-01
1.099015593528747559e+00,4.465525150299072266e-01,7.113094925880432129e-01
1.979904651641845703e+00,6.221592426300048828e-03,-8.012709766626358032e-02
1.932231068611145020e+00,1.305310130119323730e-01,-4.586086273193359375e-01
1.980631947517395020e+00,1.908159255981445312e-02,-7.029568403959274292e-02
1.460875988006591797e+00,3.345052599906921387e-01,5.100488066673278809e-01
1.433218359947204590e+00,1.542899012565612793e-01,-5.101814866065979004e-01
4.555499553680419922e-01,9.356263279914855957e-01,-2.068454504013061523e+00
1.987002968788146973e+00,1.033526659011840820e-02,-7.340560108423233032e-02
8.732527494430541992e-01,7.016297578811645508e-01,-1.429801821708679199e+00
8.220447301864624023e-01,7.298154830932617188e-01,9.798545837402343750e-01
1.582110822200775146e-01,9.651263952255249023e-01,-2.648831844329833984e+00
2.160732984542846680e+00,7.793074846267700195e-02,5.344813223928213120e-03
1.995949029922485352e+00,1.915693283081054688e-03,-6.360988318920135498e-02
1.991053462028503418e+00,-3.710985183715820312e-04,-7.898643612861633301e-02
2.219125270843505859e+00,7.414221763610839844e-04,-1.780162565410137177e-02
2.147429585456848145e-01,8.505144715309143066e-01,-2.483641624450683594e+00
1.620630741119384766e+00,1.774857044219970703e-01,-4.865242540836334229e-01
1.995479464530944824e+00,-3.856539726257324219e-03,-5.625559017062187195e-02
1.280553817749023438e+00,3.794892430305480957e-01,6.458691358566284180e-01
1.987350702285766602e+00,3.020226955413818359e-03,-8.704825490713119507e-02
7.383362650871276855e-01,8.395000696182250977e-01,-2.029393672943115234e+00
1.771747589111328125e+00,-7.880532741546630859e-02,-2.547897994518280029e-01
3.900683224201202393e-01,4.116119742393493652e-01,-1.865341067314147949e+00
1.562717854976654053e-01,9.568625092506408691e-01,-2.429707527160644531e+00
2.089667797088623047e+00,-9.072613716125488281e-02,8.868462592363357544e-02
1.984199404716491699e+00,-1.672983169555664062e-03,-6.916534900665283203e-02
5.238801240921020508e-01,6.121125221252441406e-01,1.307825446128845215e+00
2.049365490674972534e-01,8.538067340850830078e-01,2.538098573684692383e+00
1.088690519332885742e+00,5.705301761627197266e-01,6.175903677940368652e-01
1.847413420677185059e+00,2.170892953872680664e-01,2.460450232028961182e-01
8.686842024326324463e-02,9.388558268547058105e-01,3.199923038482666016e+00
1.644003987312316895e+00,1.578607559204101562e-01,-4.895263314247131348e-01
6.840896606445312500e-01,6.604862213134765625e-01,-1.550409317016601562e+00
4.945608079433441162e-01,6.444701552391052246e-01,-1.328720092773437500e+00
1.719824314117431641e+00,-1.247301101684570312e-01,1.101520285010337830e-01
5.432336330413818359e-01,7.691097259521484375e-01,-1.538813948631286621e+00
7.882142066955566406e-02,9.679233431816101074e-01,-3.587230443954467773e+00
2.832748293876647949e-01,8.785651326179504395e-01,-2.450472116470336914e+00
1.612647056579589844e+00,1.877819299697875977e-01,3.946558237075805664e-01
1.971355199813842773e+00,8.981227874755859375e-04,-9.292878955602645874e-02
