2.000000000000000000e+00,3.662467002868652344e-03,1.247813925147056580e-04
2.000000000000000000e+00,-9.628415107727050781e-03,6.136907264590263367e-03
2.000000000000000000e+00,-7.265210151672363281e-03,9.404048323631286621e-03
2.000000000000000000e+00,-6.785988807678222656e-03,-8.092822507023811340e-03
2.000000000000000000e+00,6.411671638488769531e-04,8.444441482424736023e-04
2.000000000000000000e+00,2.192854881286621094e-04,2.462105825543403625e-03
2.000000000000000000e+00,4.865467548370361328e-03,3.782800398766994476e-03
2.000000000000000000e+00,2.015948295593261719e-03,7.096389308571815491e-03
2.000000000000000000e+00,9.917080402374267578e-03,5.804216489195823669e-03
2.000000000000000000e+00,-6.901025772094726562e-04,6.860826164484024048e-03
2.000000000000000000e+00,-6.306409835815429688e-03,5.555422045290470123e-03
2.000000000000000000e+00,-5.981802940368652344e-03,3.885360434651374817e-03
2.000000000000000000e+00,8.302688598632812500e-03,8.275769650936126709e-04
2.000000000000000000e+00,4.089117050170898438e-03,-2.045717090368270874e-03
2.000000000000000000e+00,7.271170616149902344e-04,-8.602253161370754242e-03
2.000000000000000000e+00,-1.715183258056640625e-03,-2.130379900336265564e-03
2.000000000000000000e+00,-8.330583572387695312e-03,-4.432059358805418015e-03
2.000000000000000000e+00,-3.283381462097167969e-03,-1.219578087329864502e-03
2.000000000000000000e+00,2.109587192535400391e-03,-1.584270037710666656e-03
2.000000000000000000e+00,6.113588809967041016e-03,-5.193586461246013641e-03
2.000000000000000000e+00,-2.401947975158691406e-03,-8.459063246846199036e-04
2.000000000000000000e+00,-9.044766426086425781e-03,7.057014852762222290e-03
2.000000000000000000e+00,-7.082819938659667969e-03,-7.276860065758228302e-03
2.000000000000000000e+00,2.104640007019042969e-04,-6.917563267052173615e-03
2.000000000000000000e+00,4.279077053070068359e-03,9.463980793952941895e-03
2.000000000000000000e+00,2.650380134582519531e-03,-4.082293249666690826e-03
2.000000000000000000e+00,-1.961588859558105469e-03,6.821395829319953918e-03
2.000000000000000000e+00,-9.411096572875976562e-03,1.622844487428665161e-03
2.000000000000000000e+00,-5.589127540588378906e-03,-7.031464483588933945e-03
2.000000000000000000e+00,3.872334957122802734e-03,1.664378680288791656e-03
2.000000000000000000e+00,2.241790294647216797e-03,-1.574762165546417236e-03
2.000000000000000000e+00,5.511939525604248047e-03,3.409068100154399872e-03
2.000000000000000000e+00,7.114470005035400391e-03,-2.440636046230792999e-03
2.000000000000000000e+00,3.728747367858886719e-03,5.344462580978870392e-03
2.000000000000000000e+00,8.844375610351562500e-03,3.750864416360855103e-03
2.000000000000000000e+00,9.292006492614746094e-03,-2.224088646471500397e-03
2.000000000000000000e+00,-8.207082748413085938e-03,9.021287783980369568e-03
2.000000000000000000e+00,-8.786916732788085938e-03,-2.057901583611965179e-03
2.000000000000000000e+00,-6.070613861083984375e-03,3.246743232011795044e-03
2.000000000000000000e+00,-1.845121383666992188e-03,-6.303564179688692093e-03
2.000000000000000000e+00,-3.698945045471191406e-03,-4.730158951133489609e-03
2.000000000000000000e+00,7.154166698455810547e-03,-8.836741559207439423e-03
2.000000000000000000e+00,-7.869362831115722656e-03,7.417533546686172485e-03
2.000000000000000000e+00,-4.752278327941894531e-03,1.674439758062362671e-03
2.000000000000000000e+00,3.048300743103027344e-03,-2.995191607624292374e-03
2.000000000000000000e+00,-6.363391876220703125e-03,3.071275539696216583e-03
2.000000000000000000e+00,3.769338130950927734e-03,7.143126800656318665e-03
2.000000000000000000e+00,-9.156346321105957031e-03,2.689056098461151123e-03
2.000000000000000000e+00,8.380293846130371094e-03,9.930245578289031982e-03
2.000000000000000000e+00,-7.549881935119628906e-03,-9.004320949316024780e-03
2.000000000000000000e+00,-4.719853401184082031e-03,3.431104123592376709e-03
2.000000000000000000e+00,2.733588218688964844e-03,3.666169941425323486e-04
2.000000000000000000e+00,4.133224487304687500e-03,3.719951026141643524e-03
2.000000000000000000e+00,-8.489727973937988281e-03,6.234331056475639343e-03
2.000000000000000000e+00,6.409287452697753906e-04,-2.078963443636894226e-04
2.000000000000000000e+00,2.477467060089111328e-03,-8.169354870915412903e-03
2.000000000000000000e+00,5.099594593048095703e-03,-9.047581814229488373e-03
2.000000000000000000e+00,5.866229534149169922e-03,3.234113566577434540e-03
2.000000000000000000e+00,-3.499627113342285156e-03,-6.061939056962728500e-03
2.000000000000000000e+00,9.983360767364501953e-03,-7.821055129170417786e-03
2.000000000000000000e+00,6.309390068054199219e-03,-7.159136235713958740e-03
2.000000000000000000e+00,9.536743164062500000e-05,-2.307515125721693039e-03
2.000000000000000000e+00,2.331137657165527344e-04,-8.044899441301822662e-03
2.000000000000000000e+00,-5.687475204467773438e-03,-4.762626718729734421e-03
2.000000000000000000e+00,-9.983658790588378906e-03,-6.725642830133438110e-03
2.000000000000000000e+00,3.153383731842041016e-03,-5.272114649415016174e-04
2.000000000000000000e+00,-5.560040473937988281e-03,-8.021172136068344116e-03
2.000000000000000000e+00,9.003400802612304688e-03,8.834661915898323059e-03
2.000000000000000000e+00,7.385015487670898438e-03,5.355396308004856110e-03
2.000000000000000000e+00,3.496050834655761719e-03,8.632279932498931885e-03
2.000000000000000000e+00,-6.760716438293457031e-03,-6.978139281272888184e-04
2.000000000000000000e+00,-8.056640625000000000e-03,9.748693555593490601e-03
2.000000000000000000e+00,9.075284004211425781e-03,-8.355167694389820099e-03
2.000000000000000000e+00,-8.592963218688964844e-03,9.156562387943267822e-03
2.000000000000000000e+00,4.961192607879638672e-03,8.340435102581977844e-03
2.000000000000000000e+00,5.815446376800537109e-03,5.760721862316131592e-03
2.000000000000000000e+00,-7.899999618530273438e-03,1.272233203053474426e-04
2.000000000000000000e+00,4.053115844726562500e-06,7.069373503327369690e-03
2.000000000000000000e+00,-2.308845520019531250e-03,-2.878021914511919022e-03
2.000000000000000000e+00,-7.714509963989257812e-03,-8.892936632037162781e-03
2.000000000000000000e+00,1.632869243621826172e-03,-4.224535077810287476e-04
2.000000000000000000e+00,-8.091449737548828125e-03,-4.559000488370656967e-03
2.000000000000000000e+00,1.143932342529296875e-03,-4.172828048467636108e-04
2.000000000000000000e+00,-9.336590766906738281e-03,9.499695152044296265e-03
2.000000000000000000e+00,2.240896224975585938e-03,-9.583448991179466248e-04
2.000000000000000000e+00,-6.832122802734375000e-03,7.589403539896011353e-04
2.000000000000000000e+00,-6.951570510864257812e-03,-6.178519688546657562e-03
2.000000000000000000e+00,5.717277526855468750e-03,7.799603044986724854e-03
2.000000000000000000e+00,-9.734749794006347656e-03,6.792679429054260254e-03
2.000000000000000000e+00,-7.972717285156250000e-04,-7.934336550533771515e-03
2.000000000000000000e+00,7.174253463745117188e-03,-2.974116709083318710e-03
2.000000000000000000e+00,-9.124159812927246094e-03,6.981231272220611572e-04
2.000000000000000000e+00,-3.058552742004394531e-03,-3.726655151695013046e-03
2.000000000000000000e+00,-8.418440818786621094e-03,7.099490612745285034e-03
2.000000000000000000e+00,-4.023671150207519531e-03,-1.090173609554767609e-03
2.000000000000000000e+00,9.798347949981689453e-03,5.587671883404254913e-03
2.000000000000000000e+00,-6.589651107788085938e-03,4.849974066019058228e-04
2.000000000000000000e+00,-2.812147140502929688e-03,2.434770576655864716e-03
2.000000000000000000e+00,5.625486373901367188e-03,2.802273258566856384e-03
2.000000000000000000e+00,-7.111907005310058594e-03,-2.052653580904006958e-03
2.000000000000000000e+00,-8.625268936157226562e-03,9.686294943094253540e-03
2.000000000000000000e+00,-7.700920104980468750e-03,6.872825324535369873e-04
2.000000000000000000e+00,-9.755373001098632812e-03,6.465476006269454956e-03
2.000000000000000000e+00,-9.856939315795898438e-03,1.484337262809276581e-03
2.000000000000000000e+00,-7.660865783691406250e-03,9.349128231406211853e-03
2.000000000000000000e+00,-9.455680847167968750e-03,-4.866845440119504929e-03
2.000000000000000000e+00,-5.145430564880371094e-03,1.805455423891544342e-03
2.000000000000000000e+00,-7.067441940307617188e-03,-1.581292599439620972e-05
2.000000000000000000e+00,7.091641426086425781e-03,3.930191509425640106e-03
2.000000000000000000e+00,-7.999062538146972656e-03,-5.111297126859426498e-03
2.000000000000000000e+00,7.230341434478759766e-03,-8.611515164375305176e-03
2.000000000000000000e+00,5.426585674285888672e-03,1.622837968170642853e-03
2.000000000000000000e+00,-5.947113037109375000e-03,3.096764907240867615e-03
2.000000000000000000e+00,6.280541419982910156e-03,-7.144534494727849960e-03
2.000000000000000000e+00,-7.723331451416015625e-03,-6.173625588417053223e-04
2.000000000000000000e+00,-9.863138198852539062e-03,-3.093387931585311890e-04
2.000000000000000000e+00,6.782233715057373047e-03,-6.158009637147188187e-03
2.000000000000000000e+00,7.531940937042236328e-03,4.838811233639717102e-03
2.000000000000000000e+00,5.664229393005371094e-04,8.110916242003440857e-04
2.000000000000000000e+00,-3.274440765380859375e-03,1.325037330389022827e-03
2.000000000000000000e+00,-8.492469787597656250e-03,1.080490648746490479e-03
2.000000000000000000e+00,3.273725509643554688e-03,-7.651487365365028381e-03
2.000000000000000000e+00,9.304404258728027344e-03,-3.870460670441389084e-03
2.000000000000000000e+00,3.978788852691650391e-03,-7.077027112245559692e-03
2.000000000000000000e+00,-5.609750747680664062e-03,-9.041436947882175446e-03
2.000000000000000000e+00,-8.058905601501464844e-03,-9.430229663848876953e-03
2.000000000000000000e+00,-1.644372940063476562e-03,-7.173081394284963608e-03
2.000000000000000000e+00,-4.068970680236816406e-03,-4.768074490129947662e-03
2.000000000000000000e+00,3.558337688446044922e-03,-2.092805691063404083e-03
2.000000000000000000e+00,9.918272495269775391e-03,7.740322500467300415e-03
2.000000000000000000e+00,3.436744213104248047e-03,-6.027295254170894623e-03
2.000000000000000000e+00,-5.400419235229492188e-03,8.581748232245445251e-03
2.000000000000000000e+00,-2.792119979858398438e-03,-2.108560875058174133e-04
2.000000000000000000e+00,-2.416133880615234375e-03,-5.136805586516857147e-03
2.000000000000000000e+00,-9.774923324584960938e-03,-7.523637730628252029e-03
2.000000000000000000e+00,4.862844944000244141e-03,-1.802705228328704834e-03
2.000000000000000000e+00,-1.987814903259277344e-03,1.129722222685813904e-04
2.000000000000000000e+00,9.553074836730957031e-03,-1.234740018844604492e-03
2.000000000000000000e+00,-8.281111717224121094e-03,2.201665192842483521e-04
2.000000000000000000e+00,4.529356956481933594e-03,-9.090301580727100372e-03
2.000000000000000000e+00,-7.685542106628417969e-03,2.894457429647445679e-04
2.000000000000000000e+00,-5.142331123352050781e-03,8.083883672952651978e-03
2.000000000000000000e+00,-9.377479553222656250e-03,3.243203274905681610e-03
2.000000000000000000e+00,-6.050944328308105469e-03,-1.609499566256999969e-03
2.000000000000000000e+00,-4.683017730712890625e-03,-5.400814116001129150e-04
2.000000000000000000e+00,-2.175569534301757812e-04,2.685928717255592346e-03
2.000000000000000000e+00,-8.832812309265136719e-03,9.653834626078605652e-03
2.000000000000000000e+00,5.423426628112792969e-04,-4.874141886830329895e-04
2.000000000000000000e+00,-6.407737731933593750e-03,4.911143332719802856e-05
2.000000000000000000e+00,-8.241653442382812500e-03,6.541477516293525696e-03
2.000000000000000000e+00,-5.622029304504394531e-03,3.666921518743038177e-03
2.000000000000000000e+00,2.271950244903564453e-03,9.266631677746772766e-03
2.000000000000000000e+00,-8.576869964599609375e-03,-1.362102106213569641e-03
2.000000000000000000e+00,-8.039712905883789062e-03,-4.606954753398895264e-04
2.000000000000000000e+00,5.513846874237060547e-03,2.231220714747905731e-03
2.000000000000000000e+00,-9.254217147827148438e-03,3.450436517596244812e-03
2.000000000000000000e+00,9.336471557617187500e-03,-6.955990567803382874e-03
2.000000000000000000e+00,-6.487488746643066406e-03,7.406299933791160583e-03
2.000000000000000000e+00,-3.722310066223144531e-03,7.177377119660377502e-04
2.000000000000000000e+00,-2.989768981933593750e-03,-9.290202520787715912e-03
2.000000000000000000e+00,-3.473162651062011719e-03,4.446618258953094482e-04
2.000000000000000000e+00,8.069455623626708984e-03,5.475129932165145874e-03
2.000000000000000000e+00,8.807122707366943359e-03,7.489493116736412048e-03
2.000000000000000000e+00,-5.044937133789062500e-04,-4.483346827328205109e-03
2.000000000000000000e+00,-7.709383964538574219e-03,6.533768028020858765e-04
2.000000000000000000e+00,4.961490631103515625e-04,6.524734199047088623e-03
2.000000000000000000e+00,-8.113384246826171875e-03,3.568077459931373596e-03
2.000000000000000000e+00,-8.301973342895507812e-03,5.757542327046394348e-03
2.000000000000000000e+00,-6.633639335632324219e-03,-4.224515985697507858e-03
2.000000000000000000e+00,-5.745887756347656250e-05,-1.627774909138679504e-04
2.000000000000000000e+00,-3.308892250061035156e-03,5.661725997924804688e-03
2.000000000000000000e+00,-1.496911048889160156e-03,1.226230524480342865e-03
2.000000000000000000e+00,-4.740715026855468750e-03,-1.343613490462303162e-03
2.000000000000000000e+00,6.149172782897949219e-03,-7.301097735762596130e-03
2.000000000000000000e+00,1.498460769653320312e-04,8.535018190741539001e-03
2.000000000000000000e+00,7.176995277404785156e-03,-7.938101887702941895e-03
2.000000000000000000e+00,-1.530528068542480469e-03,-9.648362174630165100e-04
2.000000000000000000e+00,-6.760120391845703125e-03,-6.069476250559091568e-03
2.000000000000000000e+00,-4.003047943115234375e-04,-1.654016785323619843e-03
2.000000000000000000e+00,7.948637008666992188e-03,4.158787429332733154e-03
2.000000000000000000e+00,3.852844238281250000e-04,3.585680387914180756e-03
2.000000000000000000e+00,-6.680488586425781250e-04,-9.793898090720176697e-03
2.000000000000000000e+00,3.006577491760253906e-03,5.187550559639930725e-04
2.000000000000000000e+00,2.873241901397705078e-03,-8.105909451842308044e-03
2.000000000000000000e+00,-8.306503295898437500e-03,-8.852857165038585663e-03
2.000000000000000000e+00,1.208245754241943359e-03,1.952106133103370667e-03
2.000000000000000000e+00,-7.477998733520507812e-03,1.704469323158264160e-04
2.000000000000000000e+00,-5.140185356140136719e-03,-3.358880057930946350e-04
2.000000000000000000e+00,7.802307605743408203e-03,-6.590711884200572968e-03
2.000000000000000000e+00,6.021738052368164062e-03,-6.130890920758247375e-03
2.000000000000000000e+00,-3.172636032104492188e-03,4.613100551068782806e-03
2.000000000000000000e+00,9.576261043548583984e-03,-7.407995406538248062e-03
2.000000000000000000e+00,-5.599617958068847656e-03,5.507878959178924561e-03
2.000000000000000000e+00,3.951132297515869141e-03,-4.008849617093801498e-03
2.000000000000000000e+00,-6.748437881469726562e-03,7.213693112134933472e-03
2.000000000000000000e+00,-9.571790695190429688e-03,4.044459201395511627e-03
2.000000000000000000e+00,1.709640026092529297e-03,-5.643876735121011734e-03
2.000000000000000000e+00,-9.571909904479980469e-03,5.513994954526424408e-03
2.000000000000000000e+00,7.158160209655761719e-03,5.909645929932594299e-03
2.000000000000000000e+00,4.159927368164062500e-03,-7.047482766211032867e-03
2.000000000000000000e+00,4.743754863739013672e-03,3.342796117067337036e-04
2.000000000000000000e+00,-9.302258491516113281e-03,-1.235043630003929138e-03
2.000000000000000000e+00,-1.406311988830566406e-03,3.870922140777111053e-03
2.000000000000000000e+00,4.439353942871093750e-03,-8.265944197773933411e-04
2.000000000000000000e+00,9.042978286743164062e-03,9.305123239755630493e-04
2.000000000000000000e+00,-3.231883049011230469e-03,9.541260078549385071e-03
2.000000000000000000e+00,-3.919959068298339844e-03,-6.465442012995481491e-03
2.000000000000000000e+00,-2.634644508361816406e-03,2.661296166479587555e-03
2.000000000000000000e+00,2.871096134185791016e-03,-2.431357279419898987e-04
2.000000000000000000e+00,3.866195678710937500e-03,-9.066442027688026428e-03
2.000000000000000000e+00,7.692992687225341797e-03,-4.737750161439180374e-03
2.000000000000000000e+00,6.129026412963867188e-03,-8.886422961950302124e-03
2.000000000000000000e+00,-8.259177207946777344e-03,-6.964372470974922180e-03
2.000000000000000000e+00,4.715979099273681641e-03,9.492544457316398621e-03
2.000000000000000000e+00,-4.345655441284179688e-03,2.527236938476562500e-05
2.000000000000000000e+00,2.891838550567626953e-03,1.278663054108619690e-03
2.000000000000000000e+00,-5.385756492614746094e-03,-4.824507050216197968e-03
2.000000000000000000e+00,-4.284858703613281250e-03,3.063585609197616577e-05
2.000000000000000000e+00,1.430511474609375000e-06,4.510976374149322510e-03
2.000000000000000000e+00,1.142024993896484375e-03,-3.358423709869384766e-03
2.000000000000000000e+00,6.961166858673095703e-03,6.807405501604080200e-03
2.000000000000000000e+00,-6.075739860534667969e-03,-6.730894558131694794e-03
2.000000000000000000e+00,7.939100265502929688e-03,4.721706733107566833e-03
2.000000000000000000e+00,-6.181120872497558594e-03,4.451557062566280365e-03
2.000000000000000000e+00,-1.156330108642578125e-05,4.380027763545513153e-03
2.000000000000000000e+00,-3.377079963684082031e-03,-1.352713443338871002e-03
2.000000000000000000e+00,-6.807565689086914062e-03,7.721038535237312317e-03
2.000000000000000000e+00,5.508422851562500000e-03,2.336285077035427094e-03
2.000000000000000000e+00,1.824736595153808594e-03,7.550578564405441284e-03
2.000000000000000000e+00,3.828108310699462891e-03,-3.106851596385240555e-03
2.000000000000000000e+00,-9.436130523681640625e-03,-5.718986969441175461e-03
2.000000000000000000e+00,-2.428174018859863281e-03,9.498955681920051575e-03
2.000000000000000000e+00,8.014798164367675781e-03,-3.363553434610366821e-03
2.000000000000000000e+00,8.427381515502929688e-03,7.970990613102912903e-03
2.000000000000000000e+00,5.049228668212890625e-03,-6.379710510373115540e-03
2.000000000000000000e+00,2.787172794342041016e-03,5.938252434134483337e-03
2.000000000000000000e+00,4.223525524139404297e-03,5.618537776172161102e-03
2.000000000000000000e+00,8.878231048583984375e-03,7.120780646800994873e-04
2.000000000000000000e+00,-7.442355155944824219e-03,-2.728475257754325867e-03
2.000000000000000000e+00,-7.179141044616699219e-03,-7.910723797976970673e-03
2.000000000000000000e+00,1.389980316162109375e-03,-8.909974247217178345e-03
2.000000000000000000e+00,-5.240201950073242188e-03,-7.306344341486692429e-03
2.000000000000000000e+00,-5.534291267395019531e-03,1.584254205226898193e-04
2.000000000000000000e+00,-2.382516860961914062e-03,-2.945954911410808563e-03
2.000000000000000000e+00,-5.768656730651855469e-03,-6.976075004786252975e-03
2.000000000000000000e+00,9.946525096893310547e-03,9.572904556989669800e-03
2.000000000000000000e+00,-1.136064529418945312e-04,9.741077199578285217e-03
2.000000000000000000e+00,6.897211074829101562e-03,-5.554300267249345779e-03
2.000000000000000000e+00,-5.821824073791503906e-03,5.884375423192977905e-05
2.000000000000000000e+00,-1.407265663146972656e-03,-6.133527494966983795e-03
2.000000000000000000e+00,-9.311318397521972656e-03,7.448146119713783264e-03
2.000000000000000000e+00,-5.471706390380859375e-04,2.880804240703582764e-03
2.000000000000000000e+00,-7.725358009338378906e-03,6.813719868659973145e-03
2.000000000000000000e+00,-2.399921417236328125e-03,5.556736141443252563e-05
2.000000000000000000e+00,-4.729151725769042969e-03,-2.340588718652725220e-03
2.000000000000000000e+00,-7.796049118041992188e-03,3.777083940804004669e-03
2.000000000000000000e+00,3.837347030639648438e-03,-8.930458687245845795e-03
2.000000000000000000e+00,-3.445029258728027344e-03,6.431182846426963806e-03
2.000000000000000000e+00,-6.556868553161621094e-03,-5.487707909196615219e-03
2.000000000000000000e+00,-9.755015373229980469e-03,5.493939854204654694e-03
2.000000000000000000e+00,8.435249328613281250e-04,-1.998398452997207642e-03
2.000000000000000000e+00,7.680952548980712891e-03,-5.130302626639604568e-03
2.000000000000000000e+00,5.933642387390136719e-03,-1.449111849069595337e-03
2.000000000000000000e+00,3.306627273559570312e-03,1.043263822793960571e-03
2.000000000000000000e+00,9.632468223571777344e-03,3.919307142496109009e-03
2.000000000000000000e+00,-4.953622817993164062e-03,7.275078445672988892e-03
2.000000000000000000e+00,-3.730177879333496094e-03,-9.849239140748977661e-04
2.000000000000000000e+00,3.979980945587158203e-03,2.959270030260086060e-03
2.000000000000000000e+00,6.807625293731689453e-03,-2.809335943311452866e-03
2.000000000000000000e+00,6.137847900390625000e-03,4.401365295052528381e-03
2.000000000000000000e+00,-3.458023071289062500e-03,7.291305810213088989e-03
2.000000000000000000e+00,4.252612590789794922e-03,5.826521664857864380e-03
2.000000000000000000e+00,-3.277897834777832031e-03,2.013517543673515320e-03
2.000000000000000000e+00,1.147150993347167969e-03,4.123929888010025024e-03
2.000000000000000000e+00,4.732489585876464844e-03,6.686799228191375732e-03
2.000000000000000000e+00,-4.697084426879882812e-03,-1.372443512082099915e-03
2.000000000000000000e+00,6.871223449707031250e-04,4.983950406312942505e-03
2.000000000000000000e+00,-4.907965660095214844e-03,5.619074217975139618e-03
2.000000000000000000e+00,-9.630084037780761719e-03,-2.005124464631080627e-03
2.000000000000000000e+00,-7.731914520263671875e-04,8.357230573892593384e-03
2.000000000000000000e+00,-8.975028991699218750e-03,3.245011903345584869e-03
2.000000000000000000e+00,-9.965062141418457031e-03,-3.253346774727106094e-03
2.000000000000000000e+00,8.710145950317382812e-03,-2.739307936280965805e-03
2.000000000000000000e+00,-9.018182754516601562e-03,3.165531903505325317e-03
2.000000000000000000e+00,5.403280258178710938e-03,4.191054031252861023e-04
2.000000000000000000e+00,-6.612300872802734375e-03,-2.680878620594739914e-03
2.000000000000000000e+00,8.661389350891113281e-03,-7.973734289407730103e-03
2.000000000000000000e+00,-3.019690513610839844e-03,-5.981495138257741928e-03
2.000000000000000000e+00,-4.042029380798339844e-03,-4.884270485490560532e-03
2.000000000000000000e+00,6.658494472503662109e-03,-6.885486654937267303e-03
2.000000000000000000e+00,2.082765102386474609e-03,-2.452249638736248016e-03
2.000000000000000000e+00,5.431056022644042969e-03,3.677998669445514679e-03
2.000000000000000000e+00,9.774982929229736328e-03,-7.926151156425476074e-04
2.000000000000000000e+00,1.556873321533203125e-04,-9.890737012028694153e-03
2.000000000000000000e+00,4.701614379882812500e-04,-6.202781107276678085e-03
2.000000000000000000e+00,3.070414066314697266e-03,-9.113302454352378845e-03
2.000000000000000000e+00,-2.993106842041015625e-03,-2.483155578374862671e-03
2.000000000000000000e+00,1.473426818847656250e-04,7.835280150175094604e-03
2.000000000000000000e+00,5.693256855010986328e-03,-4.778509028255939484e-03
2.000000000000000000e+00,-2.232551574707031250e-03,-1.690281555056571960e-03
2.000000000000000000e+00,-8.554935455322265625e-03,-1.852018758654594421e-03
2.000000000000000000e+00,-5.146622657775878906e-03,4.428965039551258087e-03
2.000000000000000000e+00,2.125620841979980469e-03,7.150504738092422485e-03
2.000000000000000000e+00,-3.107666969299316406e-03,2.987989224493503571e-03
2.000000000000000000e+00,5.304157733917236328e-03,-9.755556471645832062e-03
2.000000000000000000e+00,2.156019210815429688e-03,-3.000774420797824860e-03
2.000000000000000000e+00,1.589894294738769531e-03,-4.567494615912437439e-04
2.000000000000000000e+00,5.596399307250976562e-03,9.446380659937858582e-03
2.000000000000000000e+00,-6.901621818542480469e-03,-4.918255843222141266e-03
2.000000000000000000e+00,-7.762193679809570312e-03,8.862225338816642761e-03
2.000000000000000000e+00,-2.837896347045898438e-03,-9.297324344515800476e-03
2.000000000000000000e+00,-9.516000747680664062e-03,-6.751107983291149139e-03
2.000000000000000000e+00,-6.600022315979003906e-03,1.406400464475154877e-03
2.000000000000000000e+00,-8.652210235595703125e-03,-2.802123781293630600e-03
2.000000000000000000e+00,4.454374313354492188e-03,-8.498213253915309906e-03
2.000000000000000000e+00,-7.058739662170410156e-03,-3.865711390972137451e-03
2.000000000000000000e+00,-8.981347084045410156e-03,-6.852938793599605560e-03
2.000000000000000000e+00,6.860554218292236328e-03,-5.264846142381429672e-03
2.000000000000000000e+00,-6.519794464111328125e-03,2.436382696032524109e-03
2.000000000000000000e+00,-6.765723228454589844e-03,-5.393993575125932693e-03
2.000000000000000000e+00,-3.257632255554199219e-03,9.805498644709587097e-03
2.000000000000000000e+00,2.760887145996093750e-03,5.816770717501640320e-03
2.000000000000000000e+00,8.835136890411376953e-03,-1.831243745982646942e-03
2.000000000000000000e+00,-9.065866470336914062e-04,-7.778633385896682739e-03
2.000000000000000000e+00,-9.773015975952148438e-03,7.639920338988304138e-03
2.000000000000000000e+00,5.086421966552734375e-03,8.239476010203361511e-04
2.000000000000000000e+00,-1.704692840576171875e-04,-8.699573576450347900e-03
2.000000000000000000e+00,4.655539989471435547e-03,9.460227563977241516e-03
2.000000000000000000e+00,-5.557775497436523438e-03,9.597396478056907654e-03
2.000000000000000000e+00,-5.076646804809570312e-03,9.081253781914710999e-03
2.000000000000000000e+00,-6.653189659118652344e-03,-2.664138097316026688e-03
2.000000000000000000e+00,7.358133792877197266e-03,-6.314907222986221313e-03
2.000000000000000000e+00,-8.371710777282714844e-03,-6.660521961748600006e-03
2.000000000000000000e+00,-6.277084350585937500e-03,-5.505623761564493179e-03
2.000000000000000000e+00,9.847819805145263672e-03,-2.362174913287162781e-03
2.000000000000000000e+00,9.345710277557373047e-03,-6.728785112500190735e-03
2.000000000000000000e+00,-1.381874084472656250e-03,-5.557799246162176132e-03
2.000000000000000000e+00,-8.845329284667968750e-04,6.752099841833114624e-03
2.000000000000000000e+00,5.275428295135498047e-03,-7.949056103825569153e-03
2.000000000000000000e+00,8.103191852569580078e-03,-9.750617668032646179e-03
2.000000000000000000e+00,5.687117576599121094e-03,-4.513104911893606186e-03
2.000000000000000000e+00,-3.657102584838867188e-03,5.493088625371456146e-03
2.000000000000000000e+00,7.871866226196289062e-03,-1.448729075491428375e-03
2.000000000000000000e+00,-7.942438125610351562e-03,3.883279860019683838e-03
2.000000000000000000e+00,7.628679275512695312e-03,1.490508206188678741e-03
2.000000000000000000e+00,-6.843090057373046875e-03,1.491022296249866486e-03
2.000000000000000000e+00,9.810984134674072266e-03,4.859893582761287689e-03
2.000000000000000000e+00,-8.902788162231445312e-03,7.625151425600051880e-03
2.000000000000000000e+00,-4.378676414489746094e-03,-4.840789828449487686e-03
2.000000000000000000e+00,-5.512475967407226562e-03,-2.289941068738698959e-03
2.000000000000000000e+00,-2.442479133605957031e-03,2.790490165352821350e-03
2.000000000000000000e+00,6.805419921875000000e-03,-5.558546632528305054e-03
2.000000000000000000e+00,-1.595735549926757812e-03,2.595494501292705536e-03
2.000000000000000000e+00,5.316436290740966797e-03,1.312682405114173889e-03
2.000000000000000000e+00,-4.683494567871093750e-03,-4.434125497937202454e-03
2.000000000000000000e+00,2.238869667053222656e-03,-1.956487074494361877e-03
2.000000000000000000e+00,-2.706289291381835938e-03,-8.571245707571506500e-03
2.000000000000000000e+00,-7.794260978698730469e-03,3.624800592660903931e-05
2.000000000000000000e+00,7.407009601593017578e-03,1.858784817159175873e-03
2.000000000000000000e+00,-5.172491073608398438e-04,4.664156585931777954e-04
2.000000000000000000e+00,5.009949207305908203e-03,8.385889232158660889e-03
2.000000000000000000e+00,-4.175782203674316406e-03,-3.199988510459661484e-03
2.000000000000000000e+00,4.167020320892333984e-03,9.822107851505279541e-03
2.000000000000000000e+00,-6.957292556762695312e-03,-9.358640760183334351e-03
2.000000000000000000e+00,-3.147959709167480469e-03,1.557862386107444763e-03
2.000000000000000000e+00,1.359283924102783203e-03,3.709569573402404785e-04
2.000000000000000000e+00,9.763181209564208984e-03,-6.299366708844900131e-03
2.000000000000000000e+00,-3.729104995727539062e-03,-1.583470962941646576e-03
2.000000000000000000e+00,4.576623439788818359e-03,-9.280426427721977234e-03
2.000000000000000000e+00,-4.669070243835449219e-03,8.098660036921501160e-04
2.000000000000000000e+00,7.818222045898437500e-03,-6.131063215434551239e-03
2.000000000000000000e+00,-9.837627410888671875e-03,9.196491912007331848e-03
2.000000000000000000e+00,6.536841392517089844e-03,3.095010295510292053e-03
2.000000000000000000e+00,9.501159191131591797e-03,1.243758015334606171e-03
2.000000000000000000e+00,8.110940456390380859e-03,4.647805355489253998e-03
2.000000000000000000e+00,9.468495845794677734e-03,3.769675269722938538e-03
2.000000000000000000e+00,3.767311573028564453e-03,6.231524050235748291e-03
2.000000000000000000e+00,4.371762275695800781e-03,4.328290931880474091e-03
2.000000000000000000e+00,7.815182209014892578e-03,2.627009525895118713e-03
2.000000000000000000e+00,1.142501831054687500e-03,5.751147866249084473e-03
2.000000000000000000e+00,-4.164576530456542969e-03,9.435005486011505127e-04
2.000000000000000000e+00,1.578927040100097656e-03,5.718894302845001221e-03
2.000000000000000000e+00,-7.652878761291503906e-03,6.459524855017662048e-03
2.000000000000000000e+00,4.298865795135498047e-03,-3.557189833372831345e-03
2.000000000000000000e+00,-2.104043960571289062e-04,-6.350573152303695679e-03
2.000000000000000000e+00,2.197682857513427734e-03,1.819558441638946533e-03
2.000000000000000000e+00,3.613591194152832031e-03,6.115077063441276550e-03
2.000000000000000000e+00,-1.885056495666503906e-03,-2.748974598944187164e-03
2.000000000000000000e+00,9.300410747528076172e-03,1.546919345855712891e-03
2.000000000000000000e+00,-5.222797393798828125e-03,1.379575580358505249e-03
2.000000000000000000e+00,3.997683525085449219e-04,-8.908601477742195129e-03
2.000000000000000000e+00,-7.390975952148437500e-05,-8.184554055333137512e-03
2.000000000000000000e+00,8.851647377014160156e-03,-9.672688320279121399e-03
2.000000000000000000e+00,-6.612658500671386719e-03,-1.271198503673076630e-03
2.000000000000000000e+00,-3.918528556823730469e-03,-4.265233408659696579e-03
2.000000000000000000e+00,1.527130603790283203e-03,-3.307072911411523819e-03
2.000000000000000000e+00,-3.790140151977539062e-03,-8.524206466972827911e-03
2.000000000000000000e+00,9.954988956451416016e-03,-9.156035259366035461e-03
2.000000000000000000e+00,7.988274097442626953e-03,3.839995712041854858e-03
2.000000000000000000e+00,-6.425142288208007812e-03,-6.397837307304143906e-03
2.000000000000000000e+00,6.002426147460937500e-03,-2.132385969161987305e-03
2.000000000000000000e+00,-6.772160530090332031e-03,4.637634381651878357e-03
2.000000000000000000e+00,-3.105401992797851562e-03,-4.440375603735446930e-03
2.000000000000000000e+00,-2.887248992919921875e-04,7.943931967020034790e-03
2.000000000000000000e+00,5.198717117309570312e-03,-7.803868502378463745e-04
2.000000000000000000e+00,-7.779717445373535156e-03,2.161524258553981781e-03
2.000000000000000000e+00,9.510755538940429688e-03,-9.551716968417167664e-03
2.000000000000000000e+00,-2.704858779907226562e-04,3.318967297673225403e-03
2.000000000000000000e+00,-5.007743835449218750e-03,-4.661748185753822327e-03
2.000000000000000000e+00,-3.539085388183593750e-03,7.611392065882682800e-03
2.000000000000000000e+00,-3.018140792846679688e-03,-5.228379741311073303e-04
2.000000000000000000e+00,-4.888653755187988281e-03,4.969116300344467163e-03
2.000000000000000000e+00,2.885818481445312500e-03,6.426533684134483337e-03
2.000000000000000000e+00,-4.883170127868652344e-03,-3.969172015786170959e-03
2.000000000000000000e+00,1.944303512573242188e-03,7.329544052481651306e-03
2.000000000000000000e+00,-5.432367324829101562e-03,-2.250044140964746475e-03
2.000000000000000000e+00,-6.041169166564941406e-03,6.531616672873497009e-03
2.000000000000000000e+00,5.200624465942382812e-03,2.128954045474529266e-03
2.000000000000000000e+00,2.321541309356689453e-03,1.438185572624206543e-04
2.000000000000000000e+00,1.854896545410156250e-03,6.088119000196456909e-03
2.000000000000000000e+00,5.903363227844238281e-03,-4.571678582578897476e-03
2.000000000000000000e+00,-1.398563385009765625e-03,-8.219707757234573364e-03
2.000000000000000000e+00,4.725575447082519531e-03,7.904829457402229309e-03
2.000000000000000000e+00,-3.948211669921875000e-03,6.659667938947677612e-03
2.000000000000000000e+00,2.243697643280029297e-03,-1.080337911844253540e-03
2.000000000000000000e+00,-7.282257080078125000e-03,-5.263874307274818420e-03
2.000000000000000000e+00,-9.795546531677246094e-03,-6.548520177602767944e-03
2.000000000000000000e+00,9.038984775543212891e-03,-3.981170710176229477e-03
2.000000000000000000e+00,-8.656263351440429688e-03,9.675294160842895508e-03
2.000000000000000000e+00,4.045367240905761719e-04,-2.197241876274347305e-03
2.000000000000000000e+00,-8.783698081970214844e-03,-3.000238910317420959e-03
2.000000000000000000e+00,-5.952000617980957031e-03,3.166148439049720764e-03
2.000000000000000000e+00,2.251923084259033203e-03,2.956696785986423492e-03
2.000000000000000000e+00,-2.818226814270019531e-03,-7.783581968396902084e-03
2.000000000000000000e+00,2.997457981109619141e-03,5.364968441426753998e-03
2.000000000000000000e+00,-2.061128616333007812e-03,-8.417581208050251007e-03
2.000000000000000000e+00,2.044796943664550781e-03,1.917573623359203339e-03
2.000000000000000000e+00,-2.950906753540039062e-03,-7.692736107856035233e-03
2.000000000000000000e+00,8.432924747467041016e-03,-5.098539404571056366e-03
2.000000000000000000e+00,-5.382418632507324219e-03,3.800778649747371674e-03
2.000000000000000000e+00,6.988704204559326172e-03,-6.735659670084714890e-03
2.000000000000000000e+00,-6.261587142944335938e-03,4.321223124861717224e-03
2.000000000000000000e+00,5.000710487365722656e-03,5.270276218652725220e-03
2.000000000000000000e+00,-5.901217460632324219e-03,-2.517199609428644180e-03
2.000000000000000000e+00,2.073645591735839844e-04,5.743937566876411438e-03
2.000000000000000000e+00,6.707549095153808594e-03,-4.313562996685504913e-03
2.000000000000000000e+00,-1.814007759094238281e-03,-7.724422030150890350e-03
2.000000000000000000e+00,7.663190364837646484e-03,7.525606080889701843e-03
2.000000000000000000e+00,7.273793220520019531e-03,9.451622143387794495e-03
2.000000000000000000e+00,-8.572936058044433594e-03,-5.321751814335584641e-03
2.000000000000000000e+00,-4.827022552490234375e-03,2.114033326506614685e-03
2.000000000000000000e+00,-5.034685134887695312e-03,4.044551402330398560e-03
2.000000000000000000e+00,-7.421493530273437500e-03,-1.256356947124004364e-03
2.000000000000000000e+00,-7.362604141235351562e-03,6.166661158204078674e-03
2.000000000000000000e+00,-5.556225776672363281e-03,-5.006356164813041687e-03
2.000000000000000000e+00,-8.646130561828613281e-03,6.249591708183288574e-03
2.000000000000000000e+00,-7.852911949157714844e-03,7.220203056931495667e-03
2.000000000000000000e+00,-8.452296257019042969e-03,-2.335239667445421219e-03
2.000000000000000000e+00,9.975552558898925781e-03,9.032884612679481506e-03
2.000000000000000000e+00,-2.376675605773925781e-03,6.721431389451026917e-03
2.000000000000000000e+00,-6.934404373168945312e-04,-2.571334596723318100e-03
2.000000000000000000e+00,-8.335471153259277344e-03,6.779421120882034302e-03
2.000000000000000000e+00,-2.092599868774414062e-03,-7.248526439070701599e-03
2.000000000000000000e+00,-2.907752990722656250e-03,6.982099264860153198e-03
2.000000000000000000e+00,4.386425018310546875e-03,-7.390979677438735962e-03
2.000000000000000000e+00,8.192360401153564453e-03,7.221097126603126526e-03
2.000000000000000000e+00,-9.823083877563476562e-03,-2.866410184651613235e-03
2.000000000000000000e+00,-1.931309700012207031e-03,6.765367463231086731e-03
2.000000000000000000e+00,-6.794452667236328125e-03,-6.120973732322454453e-03
2.000000000000000000e+00,6.635427474975585938e-03,3.444133326411247253e-04
2.000000000000000000e+00,-3.201961517333984375e-04,-9.047387167811393738e-03
2.000000000000000000e+00,-8.886575698852539062e-03,-4.843299277126789093e-03
2.000000000000000000e+00,5.638599395751953125e-03,-5.983731709420681000e-03
2.000000000000000000e+00,-5.779981613159179688e-03,7.847866043448448181e-03
2.000000000000000000e+00,-9.929299354553222656e-03,-5.835357587784528732e-03
2.000000000000000000e+00,-8.888006210327148438e-03,6.715904921293258667e-03
2.000000000000000000e+00,1.026749610900878906e-03,1.185757108032703400e-03
2.000000000000000000e+00,-1.756429672241210938e-03,-9.722974151372909546e-03
2.000000000000000000e+00,-2.758979797363281250e-03,-2.817013300955295563e-03
2.000000000000000000e+00,-2.990126609802246094e-03,-5.954119842499494553e-03
2.000000000000000000e+00,-4.725456237792968750e-04,-4.937877412885427475e-03
2.000000000000000000e+00,-6.265401840209960938e-03,-9.983901865780353546e-03
2.000000000000000000e+00,-7.701158523559570312e-03,-7.824176922440528870e-03
2.000000000000000000e+00,-5.800366401672363281e-03,2.204681746661663055e-03
2.000000000000000000e+00,1.115739345550537109e-03,9.082555770874023438e-03
2.000000000000000000e+00,4.462480545043945312e-03,4.657479003071784973e-03
2.000000000000000000e+00,-7.166266441345214844e-03,1.814429648220539093e-03
2.000000000000000000e+00,2.105534076690673828e-03,4.539023153483867645e-03
2.000000000000000000e+00,-9.557843208312988281e-03,2.589567564427852631e-03
2.000000000000000000e+00,-1.327633857727050781e-03,-2.821447793394327164e-03
2.000000000000000000e+00,-7.119774818420410156e-03,-1.057796180248260498e-04
2.000000000000000000e+00,6.900787353515625000e-03,-1.866370439529418945e-05
2.000000000000000000e+00,-2.599954605102539062e-03,-1.566885039210319519e-04
2.000000000000000000e+00,1.438438892364501953e-03,9.165072813630104065e-03
2.000000000000000000e+00,7.622838020324707031e-03,-8.568777702748775482e-03
2.000000000000000000e+00,-3.697514533996582031e-03,4.855761304497718811e-03
2.000000000000000000e+00,-8.265137672424316406e-03,-1.005233265459537506e-03
2.000000000000000000e+00,6.765127182006835938e-04,9.172698482871055603e-04
2.000000000000000000e+00,-6.137609481811523438e-03,-1.519379206001758575e-03
2.000000000000000000e+00,3.478527069091796875e-04,8.354675024747848511e-03
2.000000000000000000e+00,3.203094005584716797e-03,9.890602901577949524e-03
2.000000000000000000e+00,-5.396246910095214844e-03,2.707116305828094482e-03
2.000000000000000000e+00,-2.755761146545410156e-03,-4.816616885364055634e-03
2.000000000000000000e+00,6.079316139221191406e-03,1.130354590713977814e-03
2.000000000000000000e+00,2.158164978027343750e-03,2.577817067503929138e-04
2.000000000000000000e+00,4.799604415893554688e-03,-4.930661991238594055e-03
2.000000000000000000e+00,7.473826408386230469e-04,-9.945424273610115051e-03
2.000000000000000000e+00,5.362451076507568359e-03,1.763392239809036255e-03
2.000000000000000000e+00,8.177161216735839844e-04,6.969757378101348877e-04
2.000000000000000000e+00,-6.211400032043457031e-03,-5.623104516416788101e-03
2.000000000000000000e+00,-7.735490798950195312e-04,9.394731372594833374e-03
2.000000000000000000e+00,6.814002990722656250e-03,-1.817439682781696320e-03
