2.000000000000000000e+00,7.614493370056152344e-03,1.246954314410686493e-03
2.000000000000000000e+00,-2.045989036560058594e-03,2.172951586544513702e-03
2.000000000000000000e+00,7.304310798645019531e-03,-3.445992246270179749e-03
2.000000000000000000e+00,-6.941914558410644531e-03,3.670696169137954712e-03
2.000000000000000000e+00,-8.367061614990234375e-03,7.289817556738853455e-03
2.000000000000000000e+00,6.130814552307128906e-03,-6.918122526258230209e-03
2.000000000000000000e+00,9.478926658630371094e-04,-5.820486694574356079e-05
2.000000000000000000e+00,3.704130649566650391e-03,4.601186141371726990e-03
2.000000000000000000e+00,-4.173040390014648438e-03,5.253851413726806641e-03
2.000000000000000000e+00,6.033420562744140625e-03,-6.145928055047988892e-03
2.000000000000000000e+00,9.706258773803710938e-03,-5.287320353090763092e-03
2.000000000000000000e+00,-4.063010215759277344e-03,7.910514250397682190e-04
2.000000000000000000e+00,-2.222299575805664062e-03,6.656866520643234253e-03
2.000000000000000000e+00,-8.514404296875000000e-03,7.953399792313575745e-03
2.000000000000000000e+00,2.343535423278808594e-03,-5.305691622197628021e-03
2.000000000000000000e+00,2.007722854614257812e-03,3.153114579617977142e-03
2.000000000000000000e+00,-8.694291114807128906e-03,-8.220826275646686554e-03
2.000000000000000000e+00,3.451108932495117188e-04,-4.790997598320245743e-03
2.000000000000000000e+00,7.853567600250244141e-03,4.410310648381710052e-03
2.000000000000000000e+00,7.509529590606689453e-03,9.198587387800216675e-03
2.000000000000000000e+00,4.886329174041748047e-03,1.093411818146705627e-03
2.000000000000000000e+00,-7.113695144653320312e-03,8.108876645565032959e-03
2.000000000000000000e+00,1.146554946899414062e-03,8.652411401271820068e-03
2.000000000000000000e+00,2.855002880096435547e-03,4.524639807641506195e-03
2.000000000000000000e+00,9.274482727050781250e-05,-9.970370680093765259e-03
2.000000000000000000e+00,1.337885856628417969e-03,-8.571668528020381927e-03
2.000000000000000000e+00,-2.269148826599121094e-03,8.522221818566322327e-03
2.000000000000000000e+00,-9.886145591735839844e-03,-2.039844170212745667e-03
2.000000000000000000e+00,9.230673313140869141e-03,-8.200136944651603699e-03
2.000000000000000000e+00,-1.965761184692382812e-04,3.871922381222248077e-03
2.000000000000000000e+00,5.337893962860107422e-03,7.360197603702545166e-03
2.000000000000000000e+00,-5.927920341491699219e-03,3.809222020208835602e-03
2.000000000000000000e+00,-2.501010894775390625e-03,-3.484357614070177078e-03
2.000000000000000000e+00,-6.177425384521484375e-04,-9.205048903822898865e-03
2.000000000000000000e+00,-9.415149688720703125e-04,8.107103407382965088e-03
2.000000000000000000e+00,-6.596565246582031250e-03,-9.007504209876060486e-03
2.000000000000000000e+00,-1.039385795593261719e-03,9.180463850498199463e-03
2.000000000000000000e+00,6.467819213867187500e-03,9.122302755713462830e-03
2.000000000000000000e+00,2.180933952331542969e-03,5.137138999998569489e-03
2.000000000000000000e+00,-7.472753524780273438e-03,-6.494211964309215546e-03
2.000000000000000000e+00,-5.323767662048339844e-03,2.071814611554145813e-03
2.000000000000000000e+00,3.249764442443847656e-03,-7.039066404104232788e-04
2.000000000000000000e+00,7.660031318664550781e-03,9.410040453076362610e-03
2.000000000000000000e+00,2.205610275268554688e-03,-7.400960661470890045e-03
2.000000000000000000e+00,7.485926151275634766e-03,-9.626648388803005219e-03
2.000000000000000000e+00,-3.519058227539062500e-03,5.643455311655998230e-03
2.000000000000000000e+00,9.206354618072509766e-03,-9.641745127737522125e-03
2.000000000000000000e+00,5.127727985382080078e-03,-1.704374328255653381e-03
2.000000000000000000e+00,3.172099590301513672e-03,-8.596229366958141327e-03
2.000000000000000000e+00,8.311688899993896484e-03,-3.142031375318765640e-03
2.000000000000000000e+00,2.569496631622314453e-03,-7.766934111714363098e-03
2.000000000000000000e+00,5.520582199096679688e-03,6.435383111238479614e-04
2.000000000000000000e+00,1.556336879730224609e-03,-9.929453954100608826e-03
2.000000000000000000e+00,3.947019577026367188e-03,-6.539643742144107819e-03
2.000000000000000000e+00,4.928588867187500000e-03,3.860687837004661560e-03
2.000000000000000000e+00,-1.998186111450195312e-03,8.793456479907035828e-03
2.000000000000000000e+00,2.708137035369873047e-03,-7.922376506030559540e-03
2.000000000000000000e+00,-3.462672233581542969e-03,3.797687590122222900e-03
2.000000000000000000e+00,-4.627227783203125000e-03,1.791297458112239838e-03
2.000000000000000000e+00,-2.310872077941894531e-03,-2.825958654284477234e-03
2.000000000000000000e+00,2.426445484161376953e-03,8.332140743732452393e-03
2.000000000000000000e+00,-2.505183219909667969e-03,9.930193424224853516e-03
2.000000000000000000e+00,7.654070854187011719e-03,4.002455621957778931e-03
2.000000000000000000e+00,6.750702857971191406e-03,5.773125216364860535e-03
2.000000000000000000e+00,-3.825426101684570312e-04,8.763512596487998962e-03
2.000000000000000000e+00,3.383815288543701172e-03,8.325522765517234802e-03
2.000000000000000000e+00,3.800332546234130859e-03,-5.254469811916351318e-03
2.000000000000000000e+00,4.886925220489501953e-03,-9.664111770689487457e-03
2.000000000000000000e+00,6.922125816345214844e-03,-9.940883144736289978e-03
2.000000000000000000e+00,-4.504919052124023438e-03,-5.691667553037405014e-03
2.000000000000000000e+00,4.458725452423095703e-03,1.540137454867362976e-03
2.000000000000000000e+00,-3.278255462646484375e-03,1.945094205439090729e-03
2.000000000000000000e+00,-8.038282394409179688e-03,-6.596285849809646606e-03
2.000000000000000000e+00,-9.685397148132324219e-03,-6.409102585166692734e-03
2.000000000000000000e+00,-3.133296966552734375e-03,-1.280128024518489838e-03
2.000000000000000000e+00,7.573723793029785156e-03,-7.495945319533348083e-03
2.000000000000000000e+00,3.665566444396972656e-03,-3.138354979455471039e-03
2.000000000000000000e+00,-5.071997642517089844e-03,-9.955496527254581451e-03
2.000000000000000000e+00,9.374618530273437500e-03,9.346501901745796204e-03
2.000000000000000000e+00,2.572119235992431641e-03,-3.828553948551416397e-03
2.000000000000000000e+00,-7.666468620300292969e-03,-6.926609203219413757e-03
2.000000000000000000e+00,-5.720734596252441406e-03,-5.460928659886121750e-03
2.000000000000000000e+00,-7.212996482849121094e-03,-2.011456526815891266e-03
2.000000000000000000e+00,4.622936248779296875e-03,5.943961441516876221e-03
2.000000000000000000e+00,9.764492511749267578e-03,6.775394082069396973e-03
2.000000000000000000e+00,5.300402641296386719e-03,1.437111757695674896e-03
2.000000000000000000e+00,-5.013227462768554688e-03,7.755145430564880371e-03
2.000000000000000000e+00,9.031116962432861328e-03,-1.097099855542182922e-03
2.000000000000000000e+00,4.414796829223632812e-03,-1.216726377606391907e-03
2.000000000000000000e+00,-2.085447311401367188e-03,-5.352357402443885803e-04
2.000000000000000000e+00,1.206517219543457031e-03,9.087286889553070068e-04
2.000000000000000000e+00,-4.468560218811035156e-03,-6.477165035903453827e-03
2.000000000000000000e+00,1.826763153076171875e-03,-3.970409743487834930e-03
2.000000000000000000e+00,4.743158817291259766e-03,-8.866301737725734711e-03
2.000000000000000000e+00,8.820593357086181641e-03,5.467007867991924286e-03
2.000000000000000000e+00,9.971082210540771484e-03,8.119070902466773987e-03
2.000000000000000000e+00,-5.488753318786621094e-03,-5.443124566227197647e-03
2.000000000000000000e+00,-3.586649894714355469e-03,7.477412000298500061e-03
2.000000000000000000e+00,-2.618551254272460938e-03,-9.169593453407287598e-03
2.000000000000000000e+00,7.022798061370849609e-03,8.558932691812515259e-03
2.000000000000000000e+00,8.854448795318603516e-03,8.266512304544448853e-03
2.000000000000000000e+00,6.430745124816894531e-04,-7.629545871168375015e-03
2.000000000000000000e+00,1.973509788513183594e-04,9.503887966275215149e-03
2.000000000000000000e+00,9.668588638305664062e-03,8.808856830000877380e-03
2.000000000000000000e+00,1.485288143157958984e-03,6.626477465033531189e-03
2.000000000000000000e+00,-8.780956268310546875e-03,-2.651114482432603836e-03
2.000000000000000000e+00,-7.360816001892089844e-03,-6.730376277118921280e-03
2.000000000000000000e+00,5.003094673156738281e-03,1.828745938837528229e-03
2.000000000000000000e+00,3.760337829589843750e-03,9.202074259519577026e-03
2.000000000000000000e+00,-7.161498069763183594e-03,-3.136582206934690475e-03
2.000000000000000000e+00,-8.370637893676757812e-03,2.979811280965805054e-03
2.000000000000000000e+00,7.415473461151123047e-03,-2.465154975652694702e-03
2.000000000000000000e+00,7.128298282623291016e-03,-8.650022558867931366e-03
2.000000000000000000e+00,8.652031421661376953e-03,-9.613251313567161560e-03
2.000000000000000000e+00,1.969277858734130859e-03,-6.909278221428394318e-03
2.000000000000000000e+00,-6.549477577209472656e-03,-8.886098861694335938e-03
2.000000000000000000e+00,-1.154065132141113281e-03,-2.433423884212970734e-03
2.000000000000000000e+00,-9.909987449645996094e-03,-6.957233883440494537e-03
2.000000000000000000e+00,-7.714986801147460938e-03,5.877466872334480286e-03
2.000000000000000000e+00,-6.713986396789550781e-03,8.862297981977462769e-03
2.000000000000000000e+00,4.275918006896972656e-03,2.064096741378307343e-03
2.000000000000000000e+00,-4.098415374755859375e-03,-7.586511317640542984e-03
2.000000000000000000e+00,3.805160522460937500e-03,1.476316712796688080e-03
2.000000000000000000e+00,6.912052631378173828e-03,-3.164279274642467499e-03
2.000000000000000000e+00,-9.481906890869140625e-04,3.798876889050006866e-03
2.000000000000000000e+00,9.373068809509277344e-03,1.187909394502639771e-03
2.000000000000000000e+00,-5.224823951721191406e-03,7.533045485615730286e-03
2.000000000000000000e+00,-1.099586486816406250e-03,8.522186428308486938e-03
2.000000000000000000e+00,2.871334552764892578e-03,-4.781770519912242889e-03
2.000000000000000000e+00,3.621876239776611328e-03,-6.393675692379474640e-03
2.000000000000000000e+00,-1.858592033386230469e-03,-4.494521301239728928e-03
2.000000000000000000e+00,4.093885421752929688e-03,-3.173874691128730774e-03
2.000000000000000000e+00,-4.799485206604003906e-03,3.208157606422901154e-03
2.000000000000000000e+00,-6.576657295227050781e-03,4.339486360549926758e-03
2.000000000000000000e+00,4.674196243286132812e-04,8.890481665730476379e-03
2.000000000000000000e+00,8.985102176666259766e-03,8.605830371379852295e-03
2.000000000000000000e+00,-3.046274185180664062e-03,2.818647772073745728e-04
2.000000000000000000e+00,-3.340601921081542969e-03,-6.414569448679685593e-03
2.000000000000000000e+00,-5.356073379516601562e-03,-5.045747384428977966e-04
2.000000000000000000e+00,-6.513595581054687500e-03,6.224727258086204529e-03
2.000000000000000000e+00,-1.021981239318847656e-03,2.365290187299251556e-03
2.000000000000000000e+00,-1.877665519714355469e-03,-7.658701855689287186e-03
2.000000000000000000e+00,8.578479290008544922e-03,-8.522750809788703918e-03
2.000000000000000000e+00,5.905628204345703125e-04,-9.738346561789512634e-03
2.000000000000000000e+00,9.857952594757080078e-03,2.578694373369216919e-03
2.000000000000000000e+00,7.966458797454833984e-03,2.012023702263832092e-03
2.000000000000000000e+00,-1.801133155822753906e-03,1.306562684476375580e-03
2.000000000000000000e+00,-4.575967788696289062e-03,5.566347390413284302e-03
2.000000000000000000e+00,-4.330396652221679688e-03,3.164105117321014404e-03
2.000000000000000000e+00,-9.829044342041015625e-03,9.995402768254280090e-03
2.000000000000000000e+00,-9.606957435607910156e-03,6.134431809186935425e-03
2.000000000000000000e+00,1.581192016601562500e-03,4.703225567936897278e-04
2.000000000000000000e+00,-4.115462303161621094e-03,8.496474474668502808e-04
2.000000000000000000e+00,2.264857292175292969e-03,7.648376747965812683e-03
2.000000000000000000e+00,2.751171588897705078e-03,-3.723648842424154282e-03
2.000000000000000000e+00,-3.922820091247558594e-03,-3.687030170112848282e-03
2.000000000000000000e+00,-7.851839065551757812e-03,9.532969444990158081e-03
2.000000000000000000e+00,-4.627227783203125000e-03,8.526353165507316589e-03
2.000000000000000000e+00,-5.436539649963378906e-03,5.769338458776473999e-04
2.000000000000000000e+00,-6.684899330139160156e-03,2.563833259046077728e-03
2.000000000000000000e+00,-7.716417312622070312e-03,-2.661701291799545288e-04
2.000000000000000000e+00,9.255409240722656250e-04,-9.943675249814987183e-04
2.000000000000000000e+00,7.136762142181396484e-03,-3.322171047329902649e-03
2.000000000000000000e+00,-3.251433372497558594e-03,-7.885060273110866547e-03
2.000000000000000000e+00,5.039453506469726562e-03,7.888695225119590759e-03
2.000000000000000000e+00,-9.251594543457031250e-03,4.380785860121250153e-03
2.000000000000000000e+00,-1.431345939636230469e-03,-5.042283330112695694e-03
2.000000000000000000e+00,5.642831325531005859e-03,-8.611328899860382080e-03
2.000000000000000000e+00,8.529961109161376953e-03,-1.825091429054737091e-03
2.000000000000000000e+00,4.479169845581054688e-03,9.401461109519004822e-03
2.000000000000000000e+00,8.300423622131347656e-03,7.026316598057746887e-03
2.000000000000000000e+00,2.761006355285644531e-03,-5.016284063458442688e-03
2.000000000000000000e+00,-5.204558372497558594e-03,-5.657234229147434235e-03
2.000000000000000000e+00,8.150339126586914062e-03,-8.323094807565212250e-03
2.000000000000000000e+00,6.305038928985595703e-03,1.545141451060771942e-03
2.000000000000000000e+00,-8.328437805175781250e-03,4.981987178325653076e-03
2.000000000000000000e+00,-1.288294792175292969e-03,7.666748017072677612e-03
2.000000000000000000e+00,-8.800268173217773438e-03,4.136809147894382477e-03
2.000000000000000000e+00,-3.470182418823242188e-04,1.592488028109073639e-03
2.000000000000000000e+00,-9.857654571533203125e-03,5.075362510979175568e-03
2.000000000000000000e+00,2.061307430267333984e-03,-7.287354208528995514e-03
2.000000000000000000e+00,-2.944827079772949219e-03,6.281327456235885620e-03
2.000000000000000000e+00,-9.364604949951171875e-03,-5.105636082589626312e-03
2.000000000000000000e+00,3.993451595306396484e-03,-8.832658641040325165e-03
2.000000000000000000e+00,3.272294998168945312e-03,6.932172924280166626e-03
2.000000000000000000e+00,-1.569509506225585938e-03,4.030466079711914062e-03
2.000000000000000000e+00,7.082819938659667969e-03,4.908008500933647156e-03
2.000000000000000000e+00,-9.538292884826660156e-03,5.811061710119247437e-04
2.000000000000000000e+00,9.079933166503906250e-03,-8.879438042640686035e-03
2.000000000000000000e+00,-5.316734313964843750e-04,-7.849233224987983704e-03
2.000000000000000000e+00,3.031671047210693359e-03,8.766014128923416138e-03
2.000000000000000000e+00,-6.858110427856445312e-04,5.196489393711090088e-03
2.000000000000000000e+00,6.335616111755371094e-03,-3.125461284071207047e-03
2.000000000000000000e+00,5.266427993774414062e-03,9.773941710591316223e-03
2.000000000000000000e+00,-8.833289146423339844e-03,-7.564108818769454956e-05
2.000000000000000000e+00,9.412288665771484375e-03,-2.113082446157932281e-03
2.000000000000000000e+00,-6.593585014343261719e-03,7.261708378791809082e-05
2.000000000000000000e+00,1.736938953399658203e-03,-2.052943222224712372e-03
2.000000000000000000e+00,-1.207113265991210938e-03,-1.278269104659557343e-03
2.000000000000000000e+00,9.197890758514404297e-03,-8.467068895697593689e-03
2.000000000000000000e+00,8.631885051727294922e-03,-8.966242894530296326e-03
2.000000000000000000e+00,8.963942527770996094e-04,-9.535579010844230652e-03
2.000000000000000000e+00,-3.988027572631835938e-03,-6.667897105216979980e-05
2.000000000000000000e+00,1.206159591674804688e-03,-9.238719940185546875e-06
2.000000000000000000e+00,8.102297782897949219e-03,5.835182964801788330e-04
2.000000000000000000e+00,2.329885959625244141e-03,-1.860307529568672180e-04
2.000000000000000000e+00,1.336693763732910156e-03,6.772436201572418213e-03
2.000000000000000000e+00,-3.185272216796875000e-04,-5.772054195404052734e-03
2.000000000000000000e+00,7.499277591705322266e-03,9.113611653447151184e-03
2.000000000000000000e+00,9.769856929779052734e-03,5.642617121338844299e-03
2.000000000000000000e+00,9.474694728851318359e-03,-6.357154808938503265e-03
2.000000000000000000e+00,-3.599882125854492188e-03,3.965575248003005981e-03
2.000000000000000000e+00,-3.526329994201660156e-03,3.155788406729698181e-03
2.000000000000000000e+00,2.710103988647460938e-03,-5.073652137070894241e-03
2.000000000000000000e+00,1.348078250885009766e-03,1.277915202081203461e-03
2.000000000000000000e+00,-1.402020454406738281e-03,6.071168929338455200e-03
2.000000000000000000e+00,-5.732893943786621094e-03,-4.344623070210218430e-03
2.000000000000000000e+00,-5.770683288574218750e-03,-7.205854170024394989e-03
2.000000000000000000e+00,-6.506204605102539062e-03,3.650397993624210358e-03
2.000000000000000000e+00,7.085800170898437500e-04,-1.636734232306480408e-03
2.000000000000000000e+00,-7.215738296508789062e-04,-1.332603394985198975e-03
2.000000000000000000e+00,9.865701198577880859e-03,-4.327483009546995163e-03
2.000000000000000000e+00,6.409645080566406250e-03,4.033571109175682068e-03
2.000000000000000000e+00,-3.934979438781738281e-03,-7.835540920495986938e-03
2.000000000000000000e+00,6.441771984100341797e-03,-8.221229538321495056e-03
2.000000000000000000e+00,7.916450500488281250e-03,-6.047961767762899399e-03
2.000000000000000000e+00,-4.717469215393066406e-03,2.016476355493068695e-03
2.000000000000000000e+00,-6.623029708862304688e-03,7.657038047909736633e-03
2.000000000000000000e+00,8.999645709991455078e-03,9.514458477497100830e-03
2.000000000000000000e+00,6.052732467651367188e-03,-6.435488350689411163e-03
2.000000000000000000e+00,7.403612136840820312e-03,6.356155499815940857e-03
2.000000000000000000e+00,-7.922768592834472656e-03,9.902263060212135315e-03
2.000000000000000000e+00,3.043174743652343750e-03,7.973989471793174744e-03
2.000000000000000000e+00,-6.389260292053222656e-03,-7.338281720876693726e-03
2.000000000000000000e+00,-9.268879890441894531e-03,-5.115610081702470779e-03
2.000000000000000000e+00,2.338171005249023438e-03,-1.374637708067893982e-03
2.000000000000000000e+00,4.277944564819335938e-03,3.350416198372840881e-03
2.000000000000000000e+00,-6.563901901245117188e-03,-9.794644080102443695e-03
2.000000000000000000e+00,7.890880107879638672e-03,-5.730079486966133118e-03
2.000000000000000000e+00,9.802579879760742188e-04,4.015398211777210236e-03
2.000000000000000000e+00,7.945537567138671875e-03,-2.212574239820241928e-03
2.000000000000000000e+00,3.766596317291259766e-03,-2.452890854328870773e-03
2.000000000000000000e+00,6.376683712005615234e-03,-7.447452284395694733e-03
2.000000000000000000e+00,-1.456975936889648438e-03,-3.694165963679552078e-03
2.000000000000000000e+00,-5.114555358886718750e-03,1.718793064355850220e-04
2.000000000000000000e+00,-8.740425109863281250e-03,-4.378390032798051834e-03
2.000000000000000000e+00,-9.786725044250488281e-03,6.786746904253959656e-03
2.000000000000000000e+00,-6.204962730407714844e-03,-5.592904984951019287e-03
2.000000000000000000e+00,4.569292068481445312e-04,8.275283500552177429e-03
2.000000000000000000e+00,-8.089065551757812500e-03,7.856180891394615173e-03
2.000000000000000000e+00,-5.682468414306640625e-03,-9.146383963525295258e-03
2.000000000000000000e+00,-2.051830291748046875e-03,-1.307309605181217194e-03
2.000000000000000000e+00,-5.290508270263671875e-03,8.950099349021911621e-03
2.000000000000000000e+00,-8.596301078796386719e-03,-4.326381720602512360e-03
2.000000000000000000e+00,6.625115871429443359e-03,1.454607583582401276e-03
2.000000000000000000e+00,5.158841609954833984e-03,-4.428419750183820724e-03
2.000000000000000000e+00,7.561504840850830078e-03,-9.416403248906135559e-03
2.000000000000000000e+00,8.876562118530273438e-03,-7.378524169325828552e-03
2.000000000000000000e+00,-1.941919326782226562e-03,7.733931764960289001e-03
2.000000000000000000e+00,7.727026939392089844e-03,-4.449476953595876694e-03
2.000000000000000000e+00,-2.959609031677246094e-03,5.995459854602813721e-03
2.000000000000000000e+00,-5.990147590637207031e-03,1.988336443901062012e-04
2.000000000000000000e+00,1.630783081054687500e-04,7.141644135117530823e-03
2.000000000000000000e+00,-2.759695053100585938e-04,2.993761561810970306e-03
2.000000000000000000e+00,-5.137205123901367188e-03,2.980139106512069702e-04
2.000000000000000000e+00,-7.916092872619628906e-03,-1.755181699991226196e-03
2.000000000000000000e+00,-3.556609153747558594e-03,1.538923010230064392e-03
2.000000000000000000e+00,2.222359180450439453e-03,-9.545468725264072418e-03
2.000000000000000000e+00,-1.221656799316406250e-03,-1.484028063714504242e-03
2.000000000000000000e+00,7.755696773529052734e-03,-8.102545514702796936e-03
2.000000000000000000e+00,-3.651738166809082031e-03,-9.910857304930686951e-03
2.000000000000000000e+00,7.833719253540039062e-03,1.877809874713420868e-03
2.000000000000000000e+00,9.602308273315429688e-03,-7.094706408679485321e-03
2.000000000000000000e+00,-3.709912300109863281e-03,9.558947756886482239e-03
2.000000000000000000e+00,-5.964159965515136719e-03,7.819712162017822266e-03
2.000000000000000000e+00,-1.768231391906738281e-03,2.995206043124198914e-03
2.000000000000000000e+00,3.279447555541992188e-04,-7.980117574334144592e-03
2.000000000000000000e+00,5.273759365081787109e-03,2.806988544762134552e-03
2.000000000000000000e+00,-6.750106811523437500e-03,2.570660784840583801e-03
2.000000000000000000e+00,7.045805454254150391e-03,-6.247159093618392944e-03
2.000000000000000000e+00,6.650984287261962891e-03,5.689039826393127441e-03
2.000000000000000000e+00,-2.297520637512207031e-03,-9.128645062446594238e-03
2.000000000000000000e+00,-5.281448364257812500e-03,-1.234434545040130615e-03
2.000000000000000000e+00,-4.050850868225097656e-03,-8.824761025607585907e-03
2.000000000000000000e+00,4.080533981323242188e-03,-9.440466761589050293e-03
2.000000000000000000e+00,5.655646324157714844e-03,7.066037505865097046e-04
2.000000000000000000e+00,-7.535576820373535156e-03,-3.376831766217947006e-03
2.000000000000000000e+00,-8.949995040893554688e-03,-7.875476963818073273e-03
2.000000000000000000e+00,-1.263618469238281250e-04,-3.550270572304725647e-03
2.000000000000000000e+00,4.128277301788330078e-03,6.888460367918014526e-03
2.000000000000000000e+00,-7.847547531127929688e-04,7.168661803007125854e-03
2.000000000000000000e+00,3.222525119781494141e-03,9.540939703583717346e-03
2.000000000000000000e+00,-1.023411750793457031e-03,-9.780023247003555298e-03
2.000000000000000000e+00,-4.082202911376953125e-03,2.319151535630226135e-03
2.000000000000000000e+00,1.853704452514648438e-03,-4.467061720788478851e-03
2.000000000000000000e+00,9.059667587280273438e-03,-3.287116065621376038e-03
2.000000000000000000e+00,6.294429302215576172e-03,-9.085671976208686829e-03
2.000000000000000000e+00,8.379220962524414062e-04,-8.200349286198616028e-03
2.000000000000000000e+00,-9.850978851318359375e-03,6.466655060648918152e-03
2.000000000000000000e+00,4.916012287139892578e-03,-3.800077363848686218e-03
2.000000000000000000e+00,6.537795066833496094e-03,-2.958306111395359039e-03
2.000000000000000000e+00,-5.050063133239746094e-03,-7.696807384490966797e-03
2.000000000000000000e+00,-3.331661224365234375e-03,9.181881323456764221e-03
2.000000000000000000e+00,5.068480968475341797e-03,-6.169094704091548920e-03
2.000000000000000000e+00,5.821108818054199219e-03,-5.354105029255151749e-03
2.000000000000000000e+00,-8.875012397766113281e-03,1.119321212172508240e-03
2.000000000000000000e+00,-2.273321151733398438e-04,-2.776925452053546906e-03
2.000000000000000000e+00,1.701295375823974609e-03,6.118454039096832275e-03
2.000000000000000000e+00,-4.517316818237304688e-03,5.980039015412330627e-03
2.000000000000000000e+00,-8.084058761596679688e-03,-3.267601132392883301e-04
2.000000000000000000e+00,5.787074565887451172e-03,7.328733801841735840e-03
2.000000000000000000e+00,-6.818294525146484375e-03,-9.104886092245578766e-03
2.000000000000000000e+00,-9.350895881652832031e-03,-5.243304651230573654e-03
2.000000000000000000e+00,6.944239139556884766e-03,9.536566212773323059e-03
2.000000000000000000e+00,-8.030056953430175781e-03,2.177187241613864899e-03
2.000000000000000000e+00,9.374618530273437500e-03,4.595804028213024139e-03
2.000000000000000000e+00,-2.670764923095703125e-03,4.112759605050086975e-03
2.000000000000000000e+00,2.920031547546386719e-04,4.815543070435523987e-04
2.000000000000000000e+00,-8.392810821533203125e-03,-7.187355309724807739e-03
2.000000000000000000e+00,-9.332060813903808594e-03,-2.658982295542955399e-03
2.000000000000000000e+00,8.068680763244628906e-04,-5.990415811538696289e-03
2.000000000000000000e+00,6.268918514251708984e-03,9.587330743670463562e-03
2.000000000000000000e+00,-4.269719123840332031e-03,4.087300039827823639e-03
2.000000000000000000e+00,-4.038214683532714844e-03,7.234435528516769409e-03
2.000000000000000000e+00,-6.974101066589355469e-03,5.079291760921478271e-03
2.000000000000000000e+00,2.120256423950195312e-03,6.033359095454216003e-03
2.000000000000000000e+00,-8.383750915527343750e-03,9.842585772275924683e-03
2.000000000000000000e+00,7.764101028442382812e-04,1.548418775200843811e-03
2.000000000000000000e+00,-3.748059272766113281e-03,2.807770855724811554e-03
2.000000000000000000e+00,3.489077091217041016e-03,5.885995924472808838e-04
2.000000000000000000e+00,-6.098628044128417969e-03,-8.907848037779331207e-03
2.000000000000000000e+00,-6.513833999633789062e-03,-4.397127777338027954e-04
2.000000000000000000e+00,-3.004670143127441406e-03,2.714607864618301392e-03
2.000000000000000000e+00,-4.670023918151855469e-03,-3.084989730268716812e-03
2.000000000000000000e+00,9.945869445800781250e-03,5.068102851510047913e-03
2.000000000000000000e+00,-9.704828262329101562e-04,1.516336575150489807e-03
2.000000000000000000e+00,8.288741111755371094e-03,8.031640201807022095e-03
2.000000000000000000e+00,-3.682374954223632812e-03,3.859182819724082947e-03
2.000000000000000000e+00,-6.127357482910156250e-03,-6.004614755511283875e-03
2.000000000000000000e+00,-9.426355361938476562e-03,9.744901210069656372e-03
2.000000000000000000e+00,2.191245555877685547e-03,7.651481777429580688e-03
2.000000000000000000e+00,-9.012699127197265625e-03,1.173032447695732117e-03
2.000000000000000000e+00,-1.038312911987304688e-03,-9.536679834127426147e-03
2.000000000000000000e+00,-9.008526802062988281e-03,6.390534341335296631e-03
2.000000000000000000e+00,3.432035446166992188e-03,3.944564610719680786e-03
2.000000000000000000e+00,1.644551753997802734e-03,5.371465347707271576e-03
2.000000000000000000e+00,7.904946804046630859e-03,-9.025168605148792267e-03
2.000000000000000000e+00,4.594326019287109375e-04,-2.536248881369829178e-03
2.000000000000000000e+00,9.446322917938232422e-03,4.844496957957744598e-03
2.000000000000000000e+00,-1.158237457275390625e-03,6.675727665424346924e-03
2.000000000000000000e+00,-8.257746696472167969e-03,5.438308231532573700e-03
2.000000000000000000e+00,8.714497089385986328e-03,-6.352553144097328186e-03
2.000000000000000000e+00,1.060068607330322266e-03,8.418036624789237976e-03
2.000000000000000000e+00,8.741319179534912109e-03,-1.845593564212322235e-03
2.000000000000000000e+00,-3.384947776794433594e-03,-3.106222022324800491e-03
2.000000000000000000e+00,1.769483089447021484e-03,7.117673754692077637e-03
2.000000000000000000e+00,-2.408862113952636719e-03,-9.109983220696449280e-04
2.000000000000000000e+00,3.182291984558105469e-03,9.787367656826972961e-03
2.000000000000000000e+00,9.939074516296386719e-03,-6.023564375936985016e-03
2.000000000000000000e+00,-1.243352890014648438e-03,9.383315220475196838e-03
2.000000000000000000e+00,7.054805755615234375e-04,-5.170632619410753250e-03
2.000000000000000000e+00,-8.208274841308593750e-03,-2.737727016210556030e-03
2.000000000000000000e+00,-4.964113235473632812e-03,-8.440296165645122528e-03
2.000000000000000000e+00,-8.045673370361328125e-03,-2.355160657316446304e-03
2.000000000000000000e+00,8.794248104095458984e-03,-6.736045703291893005e-03
2.000000000000000000e+00,-8.549809455871582031e-03,-8.527789264917373657e-03
2.000000000000000000e+00,3.023982048034667969e-03,-3.317762166261672974e-04
2.000000000000000000e+00,8.849501609802246094e-03,1.195018179714679718e-03
2.000000000000000000e+00,8.465826511383056641e-03,-3.988721407949924469e-03
2.000000000000000000e+00,8.470535278320312500e-03,-3.423256799578666687e-03
2.000000000000000000e+00,-1.112818717956542969e-03,-6.654568947851657867e-03
2.000000000000000000e+00,3.050029277801513672e-03,-1.292522065341472626e-03
2.000000000000000000e+00,1.886129379272460938e-03,7.290741428732872009e-03
2.000000000000000000e+00,3.343343734741210938e-03,6.374884396791458130e-03
2.000000000000000000e+00,6.455421447753906250e-03,2.870081923902034760e-03
2.000000000000000000e+00,-4.782915115356445312e-03,8.279010653495788574e-03
2.000000000000000000e+00,7.437050342559814453e-03,-7.380085997283458710e-03
2.000000000000000000e+00,-7.126927375793457031e-03,3.128508105874061584e-03
2.000000000000000000e+00,-3.378868103027343750e-03,-6.388282403349876404e-03
2.000000000000000000e+00,6.070017814636230469e-03,8.056152611970901489e-03
2.000000000000000000e+00,3.868222236633300781e-03,1.546089537441730499e-03
2.000000000000000000e+00,-9.931683540344238281e-03,5.413710139691829681e-03
2.000000000000000000e+00,3.046274185180664062e-03,2.006618306040763855e-04
2.000000000000000000e+00,6.622731685638427734e-03,1.956122927367687225e-03
2.000000000000000000e+00,6.369292736053466797e-03,-9.182931855320930481e-03
2.000000000000000000e+00,-4.898309707641601562e-04,-5.633309949189424515e-03
2.000000000000000000e+00,-5.572915077209472656e-03,-4.567444324493408203e-03
2.000000000000000000e+00,-2.644896507263183594e-03,6.281973794102668762e-03
2.000000000000000000e+00,-4.488110542297363281e-03,6.300354376435279846e-03
2.000000000000000000e+00,7.055699825286865234e-03,2.940587699413299561e-03
2.000000000000000000e+00,8.173346519470214844e-03,2.564063295722007751e-03
2.000000000000000000e+00,8.187890052795410156e-03,-5.057929549366235733e-03
2.000000000000000000e+00,-1.088619232177734375e-03,1.087517477571964264e-03
2.000000000000000000e+00,-8.665204048156738281e-03,-4.926174879074096680e-03
2.000000000000000000e+00,-3.982186317443847656e-03,1.222101040184497833e-03
2.000000000000000000e+00,-3.535270690917968750e-03,6.359754130244255066e-03
2.000000000000000000e+00,-7.693767547607421875e-04,9.773200377821922302e-03
2.000000000000000000e+00,-7.210016250610351562e-03,6.024571135640144348e-03
2.000000000000000000e+00,1.478374004364013672e-03,1.639354974031448364e-03
2.000000000000000000e+00,9.659469127655029297e-03,-4.231819882988929749e-03
2.000000000000000000e+00,-6.734013557434082031e-03,-7.495455443859100342e-03
2.000000000000000000e+00,-6.090879440307617188e-03,-4.682558588683605194e-03
2.000000000000000000e+00,6.646871566772460938e-03,-7.241196464747190475e-03
2.000000000000000000e+00,-6.682753562927246094e-03,3.427471034228801727e-03
2.000000000000000000e+00,5.225539207458496094e-04,-6.582375615835189819e-03
2.000000000000000000e+00,-6.756067276000976562e-03,-2.855882048606872559e-04
2.000000000000000000e+00,8.502006530761718750e-04,-8.524281904101371765e-03
2.000000000000000000e+00,-3.785014152526855469e-03,-8.940801024436950684e-03
2.000000000000000000e+00,1.276552677154541016e-03,-7.346115075051784515e-03
2.000000000000000000e+00,6.791651248931884766e-03,-2.322497311979532242e-03
2.000000000000000000e+00,6.439447402954101562e-03,-7.143726106733083725e-03
2.000000000000000000e+00,4.071056842803955078e-03,-5.045722704380750656e-03
2.000000000000000000e+00,-1.978039741516113281e-03,1.568171195685863495e-03
2.000000000000000000e+00,-6.670475006103515625e-03,-7.822779938578605652e-03
2.000000000000000000e+00,-9.925365447998046875e-04,8.767785504460334778e-03
2.000000000000000000e+00,-8.920550346374511719e-03,-5.073096603155136108e-03
2.000000000000000000e+00,4.016399383544921875e-03,7.620472460985183716e-03
2.000000000000000000e+00,8.673965930938720703e-03,-4.866166040301322937e-03
2.000000000000000000e+00,-2.483844757080078125e-03,3.279628232121467590e-03
2.000000000000000000e+00,-9.591579437255859375e-03,3.583678975701332092e-03
2.000000000000000000e+00,-2.094030380249023438e-03,-4.432197660207748413e-03
2.000000000000000000e+00,6.523907184600830078e-03,5.548521876335144043e-04
2.000000000000000000e+00,-6.863117218017578125e-03,2.212217077612876892e-04
2.000000000000000000e+00,-4.575252532958984375e-04,-8.952228352427482605e-03
2.000000000000000000e+00,-5.923628807067871094e-03,-5.221210420131683350e-03
2.000000000000000000e+00,-5.718708038330078125e-03,-7.426956668496131897e-03
2.000000000000000000e+00,1.081585884094238281e-03,5.082786083221435547e-04
2.000000000000000000e+00,8.390963077545166016e-03,-9.078446775674819946e-03
2.000000000000000000e+00,4.483282566070556641e-03,2.371452748775482178e-03
2.000000000000000000e+00,5.637645721435546875e-03,-7.125033996999263763e-03
2.000000000000000000e+00,6.322920322418212891e-03,-3.153848461806774139e-03
2.000000000000000000e+00,9.542763233184814453e-03,-7.077727466821670532e-03
2.000000000000000000e+00,3.700792789459228516e-03,1.253662630915641785e-04
2.000000000000000000e+00,1.881837844848632812e-03,-1.665324904024600983e-03
2.000000000000000000e+00,8.247077465057373047e-03,6.659183651208877563e-03
2.000000000000000000e+00,-1.879930496215820312e-04,-6.279256194829940796e-05
2.000000000000000000e+00,1.736462116241455078e-03,4.688093438744544983e-03
2.000000000000000000e+00,-2.680778503417968750e-03,7.575944066047668457e-03
2.000000000000000000e+00,8.057594299316406250e-03,-3.176201134920120239e-04
2.000000000000000000e+00,-2.278566360473632812e-03,-6.692081689834594727e-03
2.000000000000000000e+00,3.870844841003417969e-03,1.436066813766956329e-03
2.000000000000000000e+00,-4.654169082641601562e-03,-3.373406827449798584e-03
2.000000000000000000e+00,-1.508712768554687500e-03,-5.112793296575546265e-03
2.000000000000000000e+00,8.389294147491455078e-03,6.169714033603668213e-03
2.000000000000000000e+00,6.020665168762207031e-03,-3.760016988962888718e-03
2.000000000000000000e+00,3.169476985931396484e-03,-6.741729564964771271e-03
2.000000000000000000e+00,-5.816459655761718750e-03,-5.760582629591226578e-03
2.000000000000000000e+00,5.983233451843261719e-03,-2.646380569785833359e-03
2.000000000000000000e+00,3.892481327056884766e-03,2.398328855633735657e-03
2.000000000000000000e+00,8.090555667877197266e-03,-2.791608683764934540e-03
2.000000000000000000e+00,-3.579497337341308594e-03,8.659657090902328491e-03
2.000000000000000000e+00,4.923522472381591797e-03,4.019089043140411377e-03
2.000000000000000000e+00,-2.371788024902343750e-03,4.508993588387966156e-03
2.000000000000000000e+00,1.465320587158203125e-03,-5.764862056821584702e-03
2.000000000000000000e+00,9.958922863006591797e-03,6.617769598960876465e-03
2.000000000000000000e+00,-8.112311363220214844e-03,-2.320855855941772461e-03
2.000000000000000000e+00,-5.101323127746582031e-03,4.342757165431976318e-04
2.000000000000000000e+00,4.388272762298583984e-03,4.913977347314357758e-03
2.000000000000000000e+00,5.796253681182861328e-03,-5.174873862415552139e-03
2.000000000000000000e+00,-2.566099166870117188e-03,-4.591587930917739868e-04
2.000000000000000000e+00,9.126782417297363281e-03,2.914736978709697723e-03
2.000000000000000000e+00,-8.632779121398925781e-03,-2.020725049078464508e-03
2.000000000000000000e+00,-1.707673072814941406e-03,-3.451185300946235657e-03
2.000000000000000000e+00,1.357853412628173828e-03,-8.263345807790756226e-03
2.000000000000000000e+00,7.230341434478759766e-03,9.961130097508430481e-03
2.000000000000000000e+00,4.919767379760742188e-03,-9.327375330030918121e-03
2.000000000000000000e+00,5.545020103454589844e-04,2.086105756461620331e-03
2.000000000000000000e+00,5.076467990875244141e-03,1.592946238815784454e-03
2.000000000000000000e+00,-5.016446113586425781e-03,8.655333891510963440e-03
2.000000000000000000e+00,-3.117918968200683594e-03,-9.728182107210159302e-03
2.000000000000000000e+00,-4.851818084716796875e-03,5.332715809345245361e-04
2.000000000000000000e+00,4.106521606445312500e-03,-8.274631574749946594e-03
2.000000000000000000e+00,-3.979086875915527344e-03,-9.661399759352207184e-03
2.000000000000000000e+00,-1.600623130798339844e-03,3.181274048984050751e-03
2.000000000000000000e+00,-6.584167480468750000e-03,6.235143169760704041e-03
2.000000000000000000e+00,-3.220677375793457031e-03,7.493719458580017090e-04
2.000000000000000000e+00,4.084765911102294922e-03,2.673567272722721100e-03
2.000000000000000000e+00,-9.711384773254394531e-03,-6.068574264645576477e-03
2.000000000000000000e+00,-9.354352951049804688e-04,4.456189461052417755e-03
2.000000000000000000e+00,-4.363298416137695312e-03,5.806088447570800781e-03
2.000000000000000000e+00,6.066501140594482422e-03,-7.838423363864421844e-03
2.000000000000000000e+00,-2.678036689758300781e-03,-6.926414556801319122e-03
2.000000000000000000e+00,-6.939053535461425781e-03,-1.174602657556533813e-03
2.000000000000000000e+00,8.264601230621337891e-03,-5.730152130126953125e-03
2.000000000000000000e+00,-3.955125808715820312e-03,2.202301286160945892e-03
2.000000000000000000e+00,8.588790893554687500e-03,-3.686081618070602417e-05
2.000000000000000000e+00,-7.397413253784179688e-03,3.004371188580989838e-03
2.000000000000000000e+00,-4.823565483093261719e-03,5.406345240771770477e-03
2.000000000000000000e+00,8.127868175506591797e-03,4.908056929707527161e-03
2.000000000000000000e+00,-8.349061012268066406e-03,2.162256278097629547e-03
2.000000000000000000e+00,-3.931999206542968750e-03,-5.063673015683889389e-03
2.000000000000000000e+00,1.593649387359619141e-03,8.931238204240798950e-03
2.000000000000000000e+00,-7.413983345031738281e-03,-4.071818664669990540e-03
2.000000000000000000e+00,-4.219293594360351562e-03,-1.459360122680664062e-03
2.000000000000000000e+00,-4.515767097473144531e-03,4.222054034471511841e-03
2.000000000000000000e+00,-3.012418746948242188e-04,3.116742707788944244e-03
2.000000000000000000e+00,8.079171180725097656e-03,-5.461932159960269928e-03
2.000000000000000000e+00,5.620419979095458984e-03,-4.562248010188341141e-03
2.000000000000000000e+00,-4.721760749816894531e-03,-1.032897271215915680e-03
2.000000000000000000e+00,6.895601749420166016e-03,9.932346642017364502e-03
2.000000000000000000e+00,8.664250373840332031e-03,-8.244039490818977356e-03
2.000000000000000000e+00,3.740072250366210938e-03,9.414300322532653809e-03
2.000000000000000000e+00,-1.053810119628906250e-04,8.379891514778137207e-04
2.000000000000000000e+00,-4.813551902770996094e-03,1.812470145523548126e-03
2.000000000000000000e+00,-1.332759857177734375e-04,-4.851747769862413406e-03
2.000000000000000000e+00,4.487335681915283203e-03,1.939599402248859406e-03
2.000000000000000000e+00,-9.444355964660644531e-03,-3.612836357206106186e-03
2.000000000000000000e+00,1.155018806457519531e-03,7.118180394172668457e-03
2.000000000000000000e+00,-5.033731460571289062e-03,5.177847109735012054e-03
2.000000000000000000e+00,-5.563497543334960938e-04,-2.488992176949977875e-03
2.000000000000000000e+00,7.613420486450195312e-03,-4.980389960110187531e-03
2.000000000000000000e+00,8.403360843658447266e-03,-2.995705697685480118e-03
