1.234293222427368164e+00,4.716066718101501465e-01,-1.284195780754089355e+00
2.460789442062377930e+00,-1.772191524505615234e-01,4.447532594203948975e-01
2.415927886962890625e+00,-3.197395801544189453e-01,2.231858521699905396e-01
2.000000000000000000e+00,-3.489017486572265625e-03,3.571934998035430908e-03
2.337645053863525391e+00,-2.428429126739501953e-01,7.422801852226257324e-02
2.000000000000000000e+00,8.380532264709472656e-03,1.425446011126041412e-03
2.000000000000000000e+00,6.791174411773681641e-03,2.352650277316570282e-03
2.642714262008666992e+00,-9.435904026031494141e-02,-7.731446623802185059e-02
1.847454905509948730e+00,-4.875659942626953125e-05,1.568987965583801270e-01
1.121391773223876953e+00,5.286102294921875000e-01,-1.011375784873962402e+00
2.603817224502563477e+00,6.787317991256713867e-02,1.423108726739883423e-01
2.000000000000000000e+00,1.698493957519531250e-03,-3.190413117408752441e-04
2.000000000000000000e+00,9.453892707824707031e-03,-2.402863465249538422e-03
2.000000000000000000e+00,3.091275691986083984e-03,3.154371865093708038e-03
2.436083555221557617e+00,-1.747349500656127930e-01,3.200159668922424316e-01
8.620657920837402344e-01,6.452569365501403809e-01,1.307898759841918945e+00
5.492549538612365723e-01,7.436870336532592773e-01,9.408568739891052246e-01
2.000000000000000000e+00,-6.854534149169921875e-03,3.726920112967491150e-04
2.000000000000000000e+00,8.804678916931152344e-03,4.143016412854194641e-03
2.000000000000000000e+00,4.392325878143310547e-03,8.407490327954292297e-03
1.245819330215454102e+00,9.542828798294067383e-02,-3.663502633571624756e-01
1.351883530616760254e+00,3.318154811859130859e-02,6.457114219665527344e-01
8.284180760383605957e-01,6.820818781852722168e-01,-1.206409811973571777e+00
1.725738525390625000e+00,3.458268642425537109e-01,3.981389105319976807e-01
1.927812576293945312e+00,1.871532201766967773e-01,3.391613364219665527e-01
7.286917567253112793e-01,2.407085299491882324e-01,-1.083895921707153320e+00
2.000000000000000000e+00,4.350125789642333984e-03,-4.136544186621904373e-03
1.359423875808715820e+00,3.542585968971252441e-01,-8.306270241737365723e-01
2.000000000000000000e+00,-9.464859962463378906e-03,-6.533535663038492203e-03
1.777861952781677246e+00,-5.967271327972412109e-02,-1.434913426637649536e-01
2.000000000000000000e+00,-6.687998771667480469e-03,1.773544587194919586e-03
2.000000000000000000e+00,-7.941961288452148438e-03,-1.181883737444877625e-03
8.464162945747375488e-01,4.065252542495727539e-01,8.008318543434143066e-01
1.002580165863037109e+00,3.606058955192565918e-01,-8.737798333168029785e-01
1.806827187538146973e+00,-1.132802963256835938e-01,4.767605960369110107e-01
2.000000000000000000e+00,4.608988761901855469e-03,-7.204502820968627930e-03
6.534302234649658203e-01,6.482517123222351074e-01,1.196092247962951660e+00
6.992419958114624023e-01,6.777081489562988281e-01,9.676175713539123535e-01
2.000000000000000000e+00,-9.949207305908203125e-03,1.260590739548206329e-03
2.331361770629882812e+00,-2.940996885299682617e-01,2.661981880664825439e-01
2.000000000000000000e+00,-3.098011016845703125e-03,-7.377859205007553101e-03
4.407351911067962646e-01,8.106915354728698730e-01,1.344022035598754883e+00
1.510035037994384766e+00,1.775974631309509277e-01,1.736791133880615234e-01
2.322414636611938477e+00,-6.387579441070556641e-02,-1.245107203722000122e-01
2.226467370986938477e+00,3.713365197181701660e-01,-7.804162800312042236e-02
2.814888238906860352e+00,-1.838792562484741211e-01,1.218318790197372437e-01
2.000000000000000000e+00,-7.911443710327148438e-03,6.890594959259033203e-03
2.180382013320922852e+00,-1.804574728012084961e-01,2.467075288295745850e-01
2.437028884887695312e+00,-2.518094778060913086e-01,1.276838779449462891e-01
1.898251056671142578e+00,2.966102957725524902e-01,-2.762645184993743896e-01
2.000000000000000000e+00,7.804393768310546875e-03,-5.669778678566217422e-03
5.131689310073852539e-01,7.484835386276245117e-01,-1.207905650138854980e+00
1.234209179878234863e+00,3.284780383110046387e-01,7.842434048652648926e-01
2.000000000000000000e+00,8.819997310638427734e-03,4.091132432222366333e-04
2.000000000000000000e+00,-5.428314208984375000e-03,5.501172505319118500e-03
8.636862039566040039e-01,5.627453923225402832e-01,-1.212266564369201660e+00
2.718769073486328125e+00,-6.283235549926757812e-02,2.894537448883056641e-01
1.957730650901794434e+00,1.264640092849731445e-01,-3.635144531726837158e-01
2.000000000000000000e+00,7.429778575897216797e-03,-5.352661479264497757e-03
2.000000000000000000e+00,5.489468574523925781e-03,6.609123200178146362e-03
7.477629184722900391e-01,4.247145056724548340e-01,-1.179065585136413574e+00
1.445447206497192383e+00,3.273842334747314453e-01,-4.021588861942291260e-01
2.000000000000000000e+00,-9.627819061279296875e-03,7.335269823670387268e-03
1.135513782501220703e+00,1.945267915725708008e-01,6.690071821212768555e-01
2.444314479827880859e+00,-8.876526355743408203e-02,-2.238876931369304657e-02
1.428995609283447266e+00,4.349362850189208984e-02,7.819779515266418457e-01
2.478950023651123047e+00,-3.590258359909057617e-01,6.672174483537673950e-02
2.000000000000000000e+00,8.254647254943847656e-04,-9.400848299264907837e-03
8.549226522445678711e-01,6.601997613906860352e-01,1.061168551445007324e+00
2.000000000000000000e+00,-4.536986351013183594e-03,2.776359207928180695e-03
4.616635143756866455e-01,7.791007757186889648e-01,-1.598080158233642578e+00
2.000000000000000000e+00,3.194332122802734375e-03,7.078429684042930603e-03
2.000000000000000000e+00,4.695534706115722656e-03,3.780193626880645752e-03
1.942118525505065918e+00,-5.174994468688964844e-02,-2.087858170270919800e-01
2.000000000000000000e+00,-5.247950553894042969e-03,9.246649220585823059e-03
2.091361284255981445e+00,2.188636660575866699e-01,5.041854083538055420e-02
2.000000000000000000e+00,3.498673439025878906e-03,5.298722535371780396e-03
2.000000000000000000e+00,-9.062767028808593750e-03,-8.264224044978618622e-03
2.000000000000000000e+00,-2.310276031494140625e-03,6.071241572499275208e-03
1.033024907112121582e+00,1.881587505340576172e-01,-6.790401935577392578e-01
2.000000000000000000e+00,-2.605438232421875000e-03,9.747911244630813599e-03
5.834813117980957031e-01,7.083884477615356445e-01,-1.216168284416198730e+00
6.970546245574951172e-01,6.609852313995361328e-01,-1.258329510688781738e+00
2.000000000000000000e+00,4.026353359222412109e-03,-1.982106827199459076e-03
3.090963602066040039e+00,-1.817973852157592773e-01,1.080267429351806641e-01
3.844122886657714844e-01,7.867983579635620117e-01,-1.744107246398925781e+00
2.000000000000000000e+00,9.177088737487792969e-03,5.630351603031158447e-03
2.309621334075927734e+00,-1.927843093872070312e-01,1.056292280554771423e-01
2.000000000000000000e+00,4.561007022857666016e-03,2.169524319469928741e-03
2.000000000000000000e+00,-2.705812454223632812e-03,-5.891621112823486328e-04
1.787007927894592285e+00,7.257485389709472656e-02,-2.257108837366104126e-01
1.669899225234985352e+00,7.476216554641723633e-02,-5.080068707466125488e-01
2.196774959564208984e+00,2.180742025375366211e-01,-1.914547830820083618e-01
2.000000000000000000e+00,-2.439022064208984375e-04,3.967552445828914642e-03
2.000000000000000000e+00,-3.311991691589355469e-03,-9.533967822790145874e-03
2.000000000000000000e+00,7.533371448516845703e-03,5.227692425251007080e-03
5.991521477699279785e-01,7.279711961746215820e-01,1.080622315406799316e+00
8.128113150596618652e-01,4.853417277336120605e-01,-1.052526712417602539e+00
6.386430263519287109e-01,7.487419247627258301e-01,-1.129371881484985352e+00
2.000000000000000000e+00,2.909302711486816406e-03,-5.965626332908868790e-03
2.000000000000000000e+00,2.656996250152587891e-03,7.334224879741668701e-03
2.000000000000000000e+00,-6.084084510803222656e-03,-8.910795673727989197e-03
1.037755608558654785e+00,6.395890712738037109e-01,4.688591659069061279e-01
1.084009051322937012e+00,4.312937855720520020e-01,-5.200137495994567871e-01
2.679492235183715820e+00,-2.623938322067260742e-01,4.616150632500648499e-02
7.670894265174865723e-01,5.680283308029174805e-01,-8.931658864021301270e-01
2.000000000000000000e+00,-1.064538955688476562e-03,1.349998638033866882e-03
2.000000000000000000e+00,4.561960697174072266e-03,7.507018744945526123e-03
2.000000000000000000e+00,4.171729087829589844e-04,9.372718632221221924e-03
1.789663434028625488e+00,1.333315968513488770e-01,-2.894062995910644531e-01
2.000000000000000000e+00,1.011073589324951172e-03,-5.104165058583021164e-03
1.228993892669677734e+00,5.350294113159179688e-01,-1.121481418609619141e+00
1.083349227905273438e+00,-1.281626224517822266e-01,1.145822525024414062e+00
2.000000000000000000e+00,6.597578525543212891e-03,-4.689001943916082382e-03
2.000000000000000000e+00,-2.346754074096679688e-03,1.328868791460990906e-03
4.533204734325408936e-01,8.016163110733032227e-01,-1.526623010635375977e+00
2.263029336929321289e+00,8.309096097946166992e-02,2.607850730419158936e-01
2.000000000000000000e+00,3.826200962066650391e-03,7.940674200654029846e-03
2.000000000000000000e+00,-6.172418594360351562e-03,5.315785296261310577e-03
1.677120327949523926e+00,1.652021408081054688e-01,-5.292760133743286133e-01
2.000000000000000000e+00,-5.855083465576171875e-03,2.357266843318939209e-03
2.000000000000000000e+00,7.998466491699218750e-03,5.300715565681457520e-04
1.914621293544769287e-01,8.771082758903503418e-01,-2.030351161956787109e+00
2.273726463317871094e+00,-1.870422363281250000e-01,1.132992580533027649e-01
9.191067218780517578e-01,4.309170842170715332e-01,-1.178653001785278320e+00
2.000000000000000000e+00,-9.412169456481933594e-03,-4.274423234164714813e-03
5.743786096572875977e-01,7.076702117919921875e-01,-1.482452988624572754e+00
2.000000000000000000e+00,7.382333278656005859e-03,-5.470534320920705795e-03
3.603138029575347900e-01,6.816672086715698242e-01,-2.104621171951293945e+00
8.506581783294677734e-01,6.000709533691406250e-01,1.023546099662780762e+00
2.000000000000000000e+00,-6.116986274719238281e-03,-1.804986037313938141e-03
8.664999008178710938e-01,6.187634468078613281e-01,-9.600424766540527344e-01
2.000000000000000000e+00,7.581472396850585938e-03,-2.279453445225954056e-03
2.385835647583007812e+00,-1.921759843826293945e-01,1.322782784700393677e-01
3.192286729812622070e+00,-2.849311828613281250e-01,5.156121402978897095e-02
1.407064914703369141e+00,2.009577155113220215e-01,-5.931127071380615234e-01
2.441262006759643555e+00,-3.227889537811279297e-01,1.664329171180725098e-01
2.000000000000000000e+00,-2.301573753356933594e-03,3.825295716524124146e-04
7.214276194572448730e-01,6.410664319992065430e-01,-1.206810474395751953e+00
1.021871566772460938e+00,3.911566138267517090e-01,-1.151703119277954102e+00
3.240728080272674561e-01,9.131537675857543945e-01,1.484243988990783691e+00
2.037081003189086914e+00,1.916829347610473633e-01,-2.083803117275238037e-01
2.000000000000000000e+00,7.424950599670410156e-04,8.051509037613868713e-03
2.000000000000000000e+00,-5.897283554077148438e-04,8.421987295150756836e-03
3.071119487285614014e-01,8.899480104446411133e-01,1.684990286827087402e+00
2.418950319290161133e+00,-1.097702980041503906e-01,4.193429276347160339e-02
2.000000000000000000e+00,8.204758167266845703e-03,6.822086870670318604e-03
2.000000000000000000e+00,-7.242441177368164062e-03,-3.357231616973876953e-04
2.000000000000000000e+00,8.460104465484619141e-03,1.234534196555614471e-03
9.755710959434509277e-01,5.964466333389282227e-01,-6.968293190002441406e-01
2.000000000000000000e+00,7.843971252441406250e-05,8.979616686701774597e-04
8.389925360679626465e-01,2.265922427177429199e-01,-5.975592136383056641e-01
6.573221087455749512e-01,6.319851875305175781e-01,1.180378079414367676e+00
1.806359171867370605e+00,2.938046455383300781e-01,5.339775234460830688e-04
2.000000000000000000e+00,-4.881739616394042969e-03,-7.245341315865516663e-03
2.000000000000000000e+00,-9.737253189086914062e-03,-8.516011759638786316e-03
8.177208304405212402e-01,6.382464766502380371e-01,-9.482737183570861816e-01
2.000000000000000000e+00,-9.312868118286132812e-03,8.185427635908126831e-03
2.000000000000000000e+00,-2.594828605651855469e-03,-3.238375298678874969e-03
1.831188678741455078e+00,9.744769334793090820e-02,-3.714443147182464600e-01
2.000000000000000000e+00,3.314197063446044922e-03,6.252177059650421143e-03
2.514531850814819336e+00,-1.336575746536254883e-01,1.620342135429382324e-01
1.800600767135620117e+00,1.552891731262207031e-02,4.238960444927215576e-01
2.000000000000000000e+00,3.296911716461181641e-03,5.008634179830551147e-04
2.000000000000000000e+00,5.535542964935302734e-03,8.252348750829696655e-03
1.794341921806335449e+00,2.553579211235046387e-01,6.173025369644165039e-01
5.992150306701660156e-01,7.527531385421752930e-01,-1.164792656898498535e+00
2.000000000000000000e+00,9.215235710144042969e-03,1.375201158225536346e-03
1.745311856269836426e+00,-1.492378711700439453e-01,7.248259186744689941e-01
2.913228273391723633e-01,8.861452341079711914e-01,2.047290563583374023e+00
2.000000000000000000e+00,8.026480674743652344e-03,8.919164538383483887e-03
1.464316844940185547e+00,2.638669610023498535e-01,2.747904360294342041e-01
2.000000000000000000e+00,4.199147224426269531e-04,3.975117579102516174e-04
2.000000000000000000e+00,5.867421627044677734e-03,-1.104001887142658234e-03
2.000000000000000000e+00,4.100143909454345703e-03,-6.864583119750022888e-03
2.708365678787231445e+00,-1.660398244857788086e-01,2.163907438516616821e-01
2.000000000000000000e+00,-1.545906066894531250e-03,9.559953585267066956e-03
2.000000000000000000e+00,-8.109211921691894531e-03,-1.197503879666328430e-04
1.050659894943237305e+00,5.256345272064208984e-01,-8.590240478515625000e-01
7.197011709213256836e-01,5.964733958244323730e-01,1.090830326080322266e+00
1.105021715164184570e+00,2.197840809822082520e-01,-3.459094464778900146e-01
2.000000000000000000e+00,-4.711270332336425781e-03,2.499109134078025818e-03
1.855522871017456055e+00,8.836382627487182617e-02,4.125605821609497070e-01
1.376453042030334473e+00,2.668440341949462891e-02,-5.805549621582031250e-01
8.916045427322387695e-01,5.368898510932922363e-01,-1.133019804954528809e+00
2.000000000000000000e+00,-4.233956336975097656e-03,2.131977118551731110e-03
1.508258461952209473e+00,1.373958587646484375e-01,2.773368358612060547e-01
1.680200099945068359e+00,7.781070470809936523e-02,-2.981152534484863281e-01
4.989105165004730225e-01,7.482210397720336914e-01,1.213585495948791504e+00
2.000000000000000000e+00,-2.006292343139648438e-04,-6.289912387728691101e-03
7.730876803398132324e-01,6.880712509155273438e-01,-8.765316605567932129e-01
2.000000000000000000e+00,7.120668888092041016e-03,-6.032190285623073578e-03
2.477849721908569336e+00,9.055358171463012695e-02,-1.551821082830429077e-01
8.460601568222045898e-01,5.211703777313232422e-01,-8.703207969665527344e-01
1.969339847564697266e+00,2.918685078620910645e-01,-4.911253750324249268e-01
2.000000000000000000e+00,-8.052468299865722656e-03,7.820112630724906921e-03
2.330664157867431641e+00,-2.307983636856079102e-01,8.903699368238449097e-02
2.000000000000000000e+00,-3.981471061706542969e-03,8.159568533301353455e-03
1.149888753890991211e+00,3.022223114967346191e-01,7.573302984237670898e-01
2.000000000000000000e+00,6.795883178710937500e-03,-7.424259092658758163e-03
2.547966480255126953e+00,-2.653168439865112305e-01,1.604092866182327271e-02
2.935541868209838867e-01,7.137930393218994141e-01,-2.345660686492919922e+00
2.000000000000000000e+00,7.746994495391845703e-03,1.525484025478363037e-03
4.894489347934722900e-01,5.702956318855285645e-01,1.535874605178833008e+00
1.137282133102416992e+00,3.110777735710144043e-01,-1.051604270935058594e+00
2.001479864120483398e+00,2.291797995567321777e-01,-2.422286570072174072e-01
3.531039059162139893e-01,7.877881526947021484e-01,1.745123028755187988e+00
1.099840044975280762e+00,4.752518534660339355e-01,-8.255365490913391113e-01
2.000000000000000000e+00,4.332780838012695312e-03,-2.933880314230918884e-04
2.000000000000000000e+00,1.010358333587646484e-03,-1.785734668374061584e-03
2.646249771118164062e+00,-1.256011724472045898e-01,2.891357243061065674e-02
1.483789682388305664e+00,1.586588621139526367e-01,-3.998268246650695801e-01
1.366700172424316406e+00,-1.171337366104125977e-01,2.554132640361785889e-01
8.991795778274536133e-01,5.422113537788391113e-01,8.923720717430114746e-01
2.065642595291137695e+00,2.729475498199462891e-02,4.680009782314300537e-01
2.000000000000000000e+00,5.997836589813232422e-03,4.391577094793319702e-03
5.462324023246765137e-01,6.998337507247924805e-01,-1.067673444747924805e+00
1.444404006004333496e+00,3.963041305541992188e-01,-9.654198884963989258e-01
8.765943050384521484e-01,4.475960135459899902e-01,-1.311094522476196289e+00
2.000000000000000000e+00,5.258917808532714844e-04,7.271207869052886963e-04
4.359682500362396240e-01,7.332396507263183594e-01,-1.411097645759582520e+00
1.802912831306457520e+00,-4.685938358306884766e-02,4.322575628757476807e-01
5.502880811691284180e-01,6.986126899719238281e-01,-1.514613151550292969e+00
1.064607977867126465e+00,4.905304312705993652e-01,5.963735580444335938e-01
2.000000000000000000e+00,-4.418611526489257812e-03,6.448969244956970215e-03
2.491969168186187744e-01,8.668895363807678223e-01,1.828239083290100098e+00
1.136158704757690430e+00,4.769415855407714844e-01,3.469991087913513184e-01
8.365784287452697754e-01,6.668977141380310059e-01,-9.706200361251831055e-01
9.218763709068298340e-01,5.301005840301513672e-01,9.225180149078369141e-01
2.000000000000000000e+00,7.559895515441894531e-03,-9.636205621063709259e-03
2.000000000000000000e+00,7.068872451782226562e-03,5.869667977094650269e-03
2.000000000000000000e+00,3.598093986511230469e-03,-1.001441851258277893e-04
2.000000000000000000e+00,-7.392644882202148438e-03,-8.486058562994003296e-03
5.324943661689758301e-01,6.230777502059936523e-01,-1.516492486000061035e+00
2.000000000000000000e+00,1.576304435729980469e-03,-9.515129029750823975e-03
7.844225168228149414e-01,4.856186509132385254e-01,-8.859739899635314941e-01
1.498006463050842285e+00,1.446951031684875488e-01,1.106444120407104492e+00
1.664047360420227051e+00,-6.890678405761718750e-02,9.961614012718200684e-01
2.000000000000000000e+00,4.527688026428222656e-03,3.429884091019630432e-03
2.000000000000000000e+00,-3.823041915893554688e-03,-1.444006338715553284e-03
1.658600568771362305e+00,-4.753744602203369141e-02,-1.700254380702972412e-01
2.262812614440917969e+00,-1.871826648712158203e-01,-4.111801739782094955e-03
2.376687288284301758e+00,-7.842266559600830078e-02,4.237801134586334229e-01
2.000000000000000000e+00,9.888589382171630859e-03,7.088266313076019287e-03
3.138441324234008789e+00,5.417054891586303711e-02,-3.377858921885490417e-02
2.000000000000000000e+00,7.224082946777343750e-05,9.405408054590225220e-04
9.593860507011413574e-01,6.112121343612670898e-01,-6.640972495079040527e-01
7.591077685356140137e-01,6.586322784423828125e-01,-1.341745018959045410e+00
2.000000000000000000e+00,-8.304476737976074219e-03,-3.775322344154119492e-03
9.228562712669372559e-01,3.886548876762390137e-01,7.987890243530273438e-01
2.000000000000000000e+00,-6.359457969665527344e-03,2.823837101459503174e-03
2.849784135818481445e+00,-2.413315773010253906e-01,-3.493768721818923950e-02
2.000000000000000000e+00,-1.502275466918945312e-03,1.830931752920150757e-03
6.966313719749450684e-01,6.308498382568359375e-01,-1.133516192436218262e+00
5.320537090301513672e-01,6.050749421119689941e-01,1.119881749153137207e+00
2.437329530715942383e+00,-8.728992938995361328e-02,-3.138342797756195068e-01
1.248141884803771973e+00,4.790398478507995605e-01,-1.275076508522033691e+00
2.468966007232666016e+00,-1.764214038848876953e-01,4.415154159069061279e-01
2.417660236358642578e+00,-3.265408277511596680e-01,2.335701435804367065e-01
2.000000000000000000e+00,-2.674102783203125000e-03,-3.629197832196950912e-03
2.328487157821655273e+00,-2.477377653121948242e-01,8.524707704782485962e-02
2.000000000000000000e+00,4.390656948089599609e-03,-5.242519080638885498e-03
2.000000000000000000e+00,-6.222009658813476562e-03,7.640678435564041138e-03
2.639007568359375000e+00,-9.696197509765625000e-02,-7.962027192115783691e-02
1.809557914733886719e+00,2.216386795043945312e-02,1.525569111108779907e-01
1.165524601936340332e+00,5.179537534713745117e-01,-1.007726550102233887e+00
2.587169170379638672e+00,7.216924428939819336e-02,1.524090021848678589e-01
2.000000000000000000e+00,3.378391265869140625e-03,1.486835069954395294e-03
2.000000000000000000e+00,-3.710746765136718750e-03,-9.230962023138999939e-04
2.000000000000000000e+00,3.834486007690429688e-03,-7.285889238119125366e-03
2.433105230331420898e+00,-1.718282699584960938e-01,3.205645382404327393e-01
8.500908017158508301e-01,6.355255842208862305e-01,1.287386894226074219e+00
5.377002954483032227e-01,7.496367692947387695e-01,9.596576094627380371e-01
2.000000000000000000e+00,-6.036162376403808594e-03,-7.106344215571880341e-03
2.000000000000000000e+00,6.925582885742187500e-03,1.153417862951755524e-03
2.000000000000000000e+00,7.302701473236083984e-03,-7.967352867126464844e-04
1.267485857009887695e+00,9.563088417053222656e-02,-3.573965728282928467e-01
1.341680407524108887e+00,3.447037935256958008e-02,6.542167067527770996e-01
7.974022626876831055e-01,6.896598339080810547e-01,-1.236410737037658691e+00
1.750016689300537109e+00,3.386321663856506348e-01,3.884677290916442871e-01
1.911561369895935059e+00,2.023988962173461914e-01,3.428891301155090332e-01
7.038768529891967773e-01,2.401368618011474609e-01,-1.097048401832580566e+00
2.000000000000000000e+00,3.654420375823974609e-03,-7.084482815116643906e-03
1.366187334060668945e+00,3.550629019737243652e-01,-8.273782730102539062e-01
2.000000000000000000e+00,6.457686424255371094e-03,5.288673564791679382e-04
1.843315005302429199e+00,-6.214773654937744141e-02,-1.320969462394714355e-01
2.000000000000000000e+00,-4.769563674926757812e-04,-1.784779131412506104e-03
2.000000000000000000e+00,3.170907497406005859e-03,-7.436657324433326721e-04
8.665633797645568848e-01,3.896484971046447754e-01,7.760315537452697754e-01
9.880999326705932617e-01,3.580542802810668945e-01,-8.841570615768432617e-01
1.820822596549987793e+00,-1.121225357055664062e-01,4.639932513236999512e-01
2.000000000000000000e+00,-9.635329246520996094e-03,7.685562595725059509e-04
6.508352756500244141e-01,6.438189744949340820e-01,1.166883945465087891e+00
6.950647830963134766e-01,6.786491870880126953e-01,9.736585021018981934e-01
2.000000000000000000e+00,1.498699188232421875e-03,7.509175688028335571e-03
2.370840787887573242e+00,-2.933403253555297852e-01,2.590868473052978516e-01
2.000000000000000000e+00,-4.728436470031738281e-03,-2.892645541578531265e-03
3.447625041007995605e-01,8.559516072273254395e-01,1.560710072517395020e+00
1.520627737045288086e+00,1.766154766082763672e-01,1.624585241079330444e-01
2.228494167327880859e+00,-3.161633014678955078e-02,-1.420063078403472900e-01
2.242304325103759766e+00,3.653081059455871582e-01,-7.484334707260131836e-02
2.764717578887939453e+00,-1.803016662597656250e-01,1.244904547929763794e-01
2.000000000000000000e+00,-6.882667541503906250e-03,8.827550336718559265e-04
2.163042545318603516e+00,-1.816856861114501953e-01,2.540554106235504150e-01
2.459441423416137695e+00,-2.693337202072143555e-01,1.304884403944015503e-01
1.936859369277954102e+00,2.812089323997497559e-01,-2.620238065719604492e-01
2.000000000000000000e+00,3.410577774047851562e-04,-5.906235892325639725e-03
5.108981728553771973e-01,7.501481771469116211e-01,-1.211789131164550781e+00
1.196477055549621582e+00,3.303380608558654785e-01,7.938523888587951660e-01
2.000000000000000000e+00,7.729411125183105469e-03,-5.114799831062555313e-03
2.000000000000000000e+00,-7.336854934692382812e-03,-4.431354813277721405e-03
8.654054999351501465e-01,5.600085258483886719e-01,-1.210742235183715820e+00
2.737775325775146484e+00,-2.889776229858398438e-02,2.818093597888946533e-01
1.945028543472290039e+00,1.193955540657043457e-01,-3.512711524963378906e-01
2.000000000000000000e+00,7.959842681884765625e-03,-8.210514672100543976e-03
2.000000000000000000e+00,-7.561802864074707031e-03,-4.921586252748966217e-03
7.477207183837890625e-01,4.221491813659667969e-01,-1.178421497344970703e+00
1.430444359779357910e+00,3.281351923942565918e-01,-4.078314006328582764e-01
2.000000000000000000e+00,-7.013082504272460938e-04,4.660747945308685303e-04
1.134954929351806641e+00,1.942902207374572754e-01,6.697301864624023438e-01
2.474928379058837891e+00,-1.004307270050048828e-01,-2.244125120341777802e-02
1.439349532127380371e+00,4.606270790100097656e-02,7.652292251586914062e-01
2.775072097778320312e+00,-3.432964086532592773e-01,4.604452988132834435e-04
2.000000000000000000e+00,-9.638667106628417969e-03,2.112177200615406036e-03
8.692535161972045898e-01,6.538348197937011719e-01,1.047818064689636230e+00
2.000000000000000000e+00,-8.477091789245605469e-03,1.525691710412502289e-03
4.340824186801910400e-01,7.953835725784301758e-01,-1.662025451660156250e+00
2.000000000000000000e+00,2.527296543121337891e-03,1.689568161964416504e-04
2.000000000000000000e+00,-5.595922470092773438e-03,-8.279651403427124023e-03
1.888288497924804688e+00,-4.891240596771240234e-02,-2.130143791437149048e-01
2.000000000000000000e+00,6.692171096801757812e-03,-1.599297858774662018e-03
2.200603485107421875e+00,1.764113903045654297e-01,2.657651901245117188e-02
2.000000000000000000e+00,6.604790687561035156e-04,-9.632375091314315796e-03
2.000000000000000000e+00,3.082156181335449219e-03,4.983196966350078583e-03
2.000000000000000000e+00,-5.812525749206542969e-03,-3.852091729640960693e-03
1.038975834846496582e+00,1.866011619567871094e-01,-6.737003922462463379e-01
2.000000000000000000e+00,7.983565330505371094e-03,-9.346551261842250824e-03
6.071190834045410156e-01,7.010297775268554688e-01,-1.179316282272338867e+00
7.851818799972534180e-01,6.188654303550720215e-01,-1.196851015090942383e+00
2.000000000000000000e+00,-6.253242492675781250e-03,4.080449230968952179e-03
3.460413694381713867e+00,-2.144119739532470703e-01,7.284049689769744873e-02
3.868937492370605469e-01,7.812399864196777344e-01,-1.728274583816528320e+00
2.000000000000000000e+00,-2.663254737854003906e-03,3.131199628114700317e-03
2.362671852111816406e+00,-1.871759891510009766e-01,7.018498331308364868e-02
2.000000000000000000e+00,9.081125259399414062e-03,-9.546310640871524811e-03
2.000000000000000000e+00,-3.085613250732421875e-03,6.855702027678489685e-03
1.895760536193847656e+00,9.140491485595703125e-02,-2.176588773727416992e-01
1.689786195755004883e+00,7.623779773712158203e-02,-4.988352358341217041e-01
2.217075586318969727e+00,2.055546045303344727e-01,-1.883787065744400024e-01
2.000000000000000000e+00,-1.885533332824707031e-03,-5.971274338662624359e-03
2.000000000000000000e+00,-1.248121261596679688e-04,-1.674435101449489594e-03
2.000000000000000000e+00,-7.764935493469238281e-03,2.489897422492504120e-03
8.348087072372436523e-01,6.249662041664123535e-01,7.644389867782592773e-01
8.559958338737487793e-01,4.735515117645263672e-01,-1.008160829544067383e+00
6.622625589370727539e-01,7.268084287643432617e-01,-1.105099439620971680e+00
2.000000000000000000e+00,1.645088195800781250e-05,2.451331354677677155e-03
2.000000000000000000e+00,7.407903671264648438e-03,-8.424862287938594818e-03
2.000000000000000000e+00,-4.829764366149902344e-03,4.350211471319198608e-03
9.755350351333618164e-01,6.582763791084289551e-01,5.224422812461853027e-01
1.088799715042114258e+00,4.494059681892395020e-01,-4.949757456779479980e-01
2.685157060623168945e+00,-2.135025262832641602e-01,2.010345086455345154e-02
7.779588699340820312e-01,5.557679533958435059e-01,-8.698566555976867676e-01
2.000000000000000000e+00,-2.480030059814453125e-03,-4.539538640528917313e-03
2.000000000000000000e+00,4.734992980957031250e-04,-8.462835103273391724e-03
2.000000000000000000e+00,-4.632115364074707031e-03,-4.251589532941579819e-03
1.788872718811035156e+00,1.373495459556579590e-01,-2.865417599678039551e-01
2.000000000000000000e+00,8.124113082885742188e-03,5.047582089900970459e-03
1.236217737197875977e+00,5.324810743331909180e-01,-1.119779467582702637e+00
1.126956462860107422e+00,-1.263098716735839844e-01,1.117309093475341797e+00
2.000000000000000000e+00,-4.241108894348144531e-03,-1.134912483394145966e-03
2.000000000000000000e+00,-7.776975631713867188e-03,7.037956267595291138e-03
4.223111867904663086e-01,8.245918154716491699e-01,-1.596591949462890625e+00
2.268387317657470703e+00,9.597861766815185547e-02,2.724856138229370117e-01
2.000000000000000000e+00,-9.766101837158203125e-03,9.849987924098968506e-03
2.000000000000000000e+00,3.129422664642333984e-03,-1.966036856174468994e-03
1.683070063591003418e+00,1.666765213012695312e-01,-5.281705856323242188e-01
2.000000000000000000e+00,7.139980792999267578e-03,1.191767863929271698e-03
2.000000000000000000e+00,5.180776119232177734e-03,-6.160688586533069611e-03
1.265061944723129272e-01,9.166918396949768066e-01,-2.404164314270019531e+00
2.314941167831420898e+00,-1.853327751159667969e-01,9.508444368839263916e-02
9.363529682159423828e-01,4.316149950027465820e-01,-1.174980521202087402e+00
2.000000000000000000e+00,-4.003047943115234375e-04,6.763124838471412659e-04
5.702484250068664551e-01,7.122082710266113281e-01,-1.491297841072082520e+00
2.000000000000000000e+00,-9.869217872619628906e-03,-9.675357490777969360e-03
3.657891452312469482e-01,6.810763478279113770e-01,-2.099564313888549805e+00
8.208807706832885742e-01,6.084141731262207031e-01,1.067248821258544922e+00
2.000000000000000000e+00,5.074739456176757812e-04,7.633067667484283447e-03
1.251343131065368652e+00,4.765969514846801758e-01,-5.943763852119445801e-01
2.000000000000000000e+00,-9.842157363891601562e-03,3.377630375325679779e-03
2.421363592147827148e+00,-1.895347833633422852e-01,1.179448738694190979e-01
3.031412839889526367e+00,-2.812926769256591797e-01,5.826072022318840027e-02
1.424646854400634766e+00,2.015132308006286621e-01,-5.873314738273620605e-01
2.450111389160156250e+00,-3.077921867370605469e-01,1.451875567436218262e-01
2.000000000000000000e+00,4.091858863830566406e-04,3.176220692694187164e-03
7.169920802116394043e-01,6.422813534736633301e-01,-1.219520092010498047e+00
1.021593451499938965e+00,3.911874890327453613e-01,-1.151804089546203613e+00
2.518899440765380859e-01,9.338780045509338379e-01,1.679314851760864258e+00
1.968454122543334961e+00,2.501722574234008789e-01,-1.976796835660934448e-01
2.000000000000000000e+00,2.592980861663818359e-03,-6.440018303692340851e-03
2.000000000000000000e+00,-3.490567207336425781e-03,-1.778754405677318573e-03
2.798621952533721924e-01,9.007120728492736816e-01,1.765239596366882324e+00
2.421100854873657227e+00,-1.124870777130126953e-01,4.116714373230934143e-02
2.000000000000000000e+00,9.114801883697509766e-03,-6.981215439736843109e-03
2.000000000000000000e+00,4.871845245361328125e-03,-9.393347427248954773e-03
2.000000000000000000e+00,-8.828043937683105469e-03,7.188487797975540161e-03
8.969758152961730957e-01,6.210290193557739258e-01,-7.734279036521911621e-01
2.000000000000000000e+00,-5.837917327880859375e-03,7.435604929924011230e-04
8.400763273239135742e-01,2.258403897285461426e-01,-5.981643795967102051e-01
7.487097978591918945e-01,5.607452392578125000e-01,1.021956562995910645e+00
1.751496672630310059e+00,2.460396289825439453e-01,4.636961594223976135e-02
2.000000000000000000e+00,-6.015062332153320312e-03,9.824853390455245972e-03
2.000000000000000000e+00,4.111826419830322266e-03,4.018097184598445892e-03
4.881322085857391357e-01,7.862447500228881836e-01,-1.479617476463317871e+00
2.000000000000000000e+00,-6.683349609375000000e-03,3.536910749971866608e-03
2.000000000000000000e+00,7.530510425567626953e-03,-9.976698085665702820e-03
1.827170491218566895e+00,9.285515546798706055e-02,-3.731319904327392578e-01
2.000000000000000000e+00,-4.689812660217285156e-03,-8.980296552181243896e-04
2.521328926086425781e+00,-1.350775957107543945e-01,1.610989868640899658e-01
1.804660201072692871e+00,8.743405342102050781e-03,4.337697625160217285e-01
2.000000000000000000e+00,4.545807838439941406e-03,3.844579681754112244e-03
2.000000000000000000e+00,-6.556510925292968750e-06,8.061483502388000488e-03
1.885258674621582031e+00,2.304601073265075684e-01,6.124082207679748535e-01
7.136964201927185059e-01,7.019503712654113770e-01,-1.011315941810607910e+00
2.000000000000000000e+00,-2.750515937805175781e-03,2.128926105797290802e-03
1.751948595046997070e+00,-1.500568389892578125e-01,7.192660570144653320e-01
2.887174487113952637e-01,8.875416517257690430e-01,2.051390409469604492e+00
2.000000000000000000e+00,-9.122014045715332031e-03,-4.003282636404037476e-03
1.479677677154541016e+00,2.565817832946777344e-01,2.587553560733795166e-01
2.000000000000000000e+00,-4.632115364074707031e-03,2.617564983665943146e-03
2.000000000000000000e+00,-1.762628555297851562e-03,-4.634978715330362320e-03
2.000000000000000000e+00,-8.899092674255371094e-03,2.240026369690895081e-03
2.700378179550170898e+00,-1.678401231765747070e-01,2.218490242958068848e-01
2.000000000000000000e+00,4.963874816894531250e-04,6.533978506922721863e-03
2.000000000000000000e+00,6.579935550689697266e-03,9.631637483835220337e-03
9.576133489608764648e-01,5.816688537597656250e-01,-8.847147822380065918e-01
7.083036899566650391e-01,5.941247940063476562e-01,1.081679105758666992e+00
1.082111239433288574e+00,2.223870754241943359e-01,-3.557789921760559082e-01
2.000000000000000000e+00,-4.989266395568847656e-03,9.333763271570205688e-03
1.853446602821350098e+00,8.904594182968139648e-02,4.122594296932220459e-01
1.379357457160949707e+00,2.690929174423217773e-02,-5.785646438598632812e-01
8.948240876197814941e-01,5.328499078750610352e-01,-1.124058723449707031e+00
2.000000000000000000e+00,6.696879863739013672e-03,-6.062248721718788147e-03
1.520688652992248535e+00,1.474435925483703613e-01,2.840488255023956299e-01
1.674126625061035156e+00,8.892017602920532227e-02,-2.990146875381469727e-01
5.125533938407897949e-01,7.401235103607177734e-01,1.188739895820617676e+00
2.000000000000000000e+00,-7.607221603393554688e-03,-9.839642792940139771e-03
6.915698647499084473e-01,7.220523953437805176e-01,-1.001557588577270508e+00
2.000000000000000000e+00,-4.373788833618164062e-04,-5.341880023479461670e-05
2.285310029983520508e+00,1.200935840606689453e-01,-1.777621805667877197e-01
8.471122980117797852e-01,5.265451669692993164e-01,-8.978363871574401855e-01
1.976268529891967773e+00,3.081378340721130371e-01,-4.968883693218231201e-01
2.000000000000000000e+00,-6.111383438110351562e-03,4.655366763472557068e-03
2.345510005950927734e+00,-2.293055057525634766e-01,8.207342028617858887e-02
2.000000000000000000e+00,1.239776611328125000e-03,-4.896568134427070618e-04
1.133884072303771973e+00,3.261498212814331055e-01,7.798398733139038086e-01
2.000000000000000000e+00,-8.715033531188964844e-03,9.456895291805267334e-03
2.511553049087524414e+00,-2.645077705383300781e-01,1.878181472420692444e-02
2.908953726291656494e-01,7.134584188461303711e-01,-2.350692033767700195e+00
2.000000000000000000e+00,3.051757812500000000e-04,1.805233769118785858e-03
4.966155886650085449e-01,5.741064548492431641e-01,1.533046960830688477e+00
1.126942038536071777e+00,3.099412322044372559e-01,-1.059089064598083496e+00
2.045053720474243164e+00,2.091017961502075195e-01,-2.330923825502395630e-01
3.484888374805450439e-01,7.902437448501586914e-01,1.763401508331298828e+00
2.262279987335205078e+00,-3.491038084030151367e-01,3.031870722770690918e-01
2.000000000000000000e+00,2.152800559997558594e-03,4.823115654289722443e-03
2.000000000000000000e+00,-3.954052925109863281e-03,-3.691237885504961014e-03
2.653045415878295898e+00,-7.977652549743652344e-02,4.720359295606613159e-02
1.403790831565856934e+00,1.699436902999877930e-01,-4.253580868244171143e-01
1.380158305168151855e+00,-1.166123151779174805e-01,2.560465037822723389e-01
9.311378598213195801e-01,5.249943137168884277e-01,8.516535758972167969e-01
2.058175802230834961e+00,1.269257068634033203e-02,4.973294138908386230e-01
2.000000000000000000e+00,-1.296401023864746094e-03,-6.112910341471433640e-03
5.675782561302185059e-01,6.890985965728759766e-01,-1.027014851570129395e+00
1.447994828224182129e+00,3.970323204994201660e-01,-9.621396064758300781e-01
8.747786283493041992e-01,4.476150274276733398e-01,-1.311436176300048828e+00
2.000000000000000000e+00,7.970452308654785156e-03,1.747479662299156189e-03
3.617032468318939209e-01,7.669496536254882812e-01,-1.579828381538391113e+00
1.800792694091796875e+00,-2.631950378417968750e-02,4.069248139858245850e-01
5.513529777526855469e-01,7.021538615226745605e-01,-1.514151930809020996e+00
1.001826286315917969e+00,5.205618739128112793e-01,6.383135318756103516e-01
2.000000000000000000e+00,-2.923130989074707031e-03,7.512323558330535889e-03
2.492151260375976562e-01,8.667910695075988770e-01,1.831594944000244141e+00
1.160675764083862305e+00,4.672589898109436035e-01,3.209215700626373291e-01
7.095105051994323730e-01,7.111042141914367676e-01,-1.129187107086181641e+00
8.526251316070556641e-01,5.655578970909118652e-01,1.005828022956848145e+00
2.000000000000000000e+00,5.708456039428710938e-03,-4.040550906211137772e-03
2.000000000000000000e+00,8.436083793640136719e-03,1.551704481244087219e-03
2.000000000000000000e+00,2.988457679748535156e-03,-9.195101447403430939e-03
2.000000000000000000e+00,1.186609268188476562e-03,1.620151102542877197e-03
5.338701009750366211e-01,6.217830181121826172e-01,-1.517119765281677246e+00
2.000000000000000000e+00,-8.727431297302246094e-03,-7.859546691179275513e-03
7.800599336624145508e-01,4.897189140319824219e-01,-8.852326273918151855e-01
1.494143247604370117e+00,1.443097591400146484e-01,1.122266411781311035e+00
1.692583560943603516e+00,-6.581616401672363281e-02,9.653602838516235352e-01
2.000000000000000000e+00,-5.334615707397460938e-04,6.085427477955818176e-03
2.000000000000000000e+00,5.987107753753662109e-03,-3.653919789940118790e-03
1.634105563163757324e+00,-4.890501499176025391e-02,-1.788035780191421509e-01
2.213012456893920898e+00,-1.737235784530639648e-01,-3.476536832749843597e-03
2.240175724029541016e+00,-1.062073707580566406e-01,4.630987644195556641e-01
2.000000000000000000e+00,3.652989864349365234e-03,-8.101506158709526062e-03
3.143126249313354492e+00,5.176484584808349609e-02,-3.284816071391105652e-02
2.000000000000000000e+00,-5.292415618896484375e-03,-4.368988331407308578e-03
7.979109883308410645e-01,6.764596104621887207e-01,-8.667037487030029297e-01
7.603536248207092285e-01,6.611477732658386230e-01,-1.339167833328247070e+00
2.000000000000000000e+00,9.604036808013916016e-03,-8.779779076576232910e-03
9.234122633934020996e-01,3.879041671752929688e-01,7.977108955383300781e-01
2.000000000000000000e+00,5.998194217681884766e-03,7.616860792040824890e-03
2.846621513366699219e+00,-2.438222169876098633e-01,-3.177345916628837585e-02
2.000000000000000000e+00,-9.230375289916992188e-04,-3.084925469011068344e-03
7.162308692932128906e-01,6.200080513954162598e-01,-1.110313653945922852e+00
5.000638961791992188e-01,6.337187290191650391e-01,1.182844042778015137e+00
2.386357545852661133e+00,-9.589827060699462891e-02,-3.208737373352050781e-01
