2.000000000000000000e+00,1.287460327148437500e-05,-9.034925140440464020e-03
2.000000000000000000e+00,-3.253102302551269531e-03,9.461555629968643188e-03
2.000000000000000000e+00,4.793584346771240234e-03,9.543633088469505310e-03
2.000000000000000000e+00,5.874037742614746094e-03,7.836101576685905457e-03
2.000000000000000000e+00,9.255707263946533203e-03,-9.499707259237766266e-03
2.000000000000000000e+00,-7.645249366760253906e-03,9.458122774958610535e-03
2.000000000000000000e+00,8.818745613098144531e-03,-7.731476798653602600e-03
2.000000000000000000e+00,5.261480808258056641e-03,3.986569121479988098e-03
2.000000000000000000e+00,8.792161941528320312e-03,4.279022105038166046e-03
2.000000000000000000e+00,-2.102613449096679688e-03,-3.624999430030584335e-03
2.000000000000000000e+00,-8.990168571472167969e-03,9.240237995982170105e-04
2.000000000000000000e+00,-7.103681564331054688e-03,5.195866338908672333e-03
2.000000000000000000e+00,-7.271766662597656250e-05,7.170591503381729126e-03
2.000000000000000000e+00,-2.177357673645019531e-03,-1.245068386197090149e-03
2.000000000000000000e+00,1.373767852783203125e-03,-9.352983906865119934e-04
2.000000000000000000e+00,-3.654479980468750000e-03,1.108097843825817108e-03
2.000000000000000000e+00,5.835354328155517578e-03,-2.896668855100870132e-03
2.000000000000000000e+00,6.452143192291259766e-03,-2.641667146235704422e-03
2.000000000000000000e+00,6.141662597656250000e-04,-1.339979469776153564e-03
2.000000000000000000e+00,-9.366273880004882812e-04,4.284679889678955078e-04
2.000000000000000000e+00,6.584763526916503906e-03,-8.073459379374980927e-03
2.000000000000000000e+00,-1.554250717163085938e-03,6.219493225216865540e-03
2.000000000000000000e+00,7.407248020172119141e-03,-1.026016660034656525e-03
2.000000000000000000e+00,5.747735500335693359e-03,-6.526470184326171875e-03
2.000000000000000000e+00,-6.514787673950195312e-03,5.217493511736392975e-03
2.000000000000000000e+00,-7.922768592834472656e-03,2.416920848190784454e-03
2.000000000000000000e+00,7.228434085845947266e-03,-1.403097063302993774e-03
2.000000000000000000e+00,-9.426593780517578125e-03,-5.858934950083494186e-03
2.000000000000000000e+00,9.953558444976806641e-03,2.513319253921508789e-03
2.000000000000000000e+00,-2.353191375732421875e-04,4.408900626003742218e-03
2.000000000000000000e+00,3.730058670043945312e-04,1.469409093260765076e-03
2.000000000000000000e+00,5.704760551452636719e-04,3.493321128189563751e-03
2.000000000000000000e+00,-2.758979797363281250e-03,-5.436550360172986984e-03
2.000000000000000000e+00,-8.054375648498535156e-03,-1.031566411256790161e-03
2.000000000000000000e+00,9.630620479583740234e-03,8.715145289897918701e-03
2.000000000000000000e+00,8.628368377685546875e-03,-2.821862697601318359e-03
2.000000000000000000e+00,2.287864685058593750e-03,-9.487825445830821991e-03
2.000000000000000000e+00,5.040168762207031250e-03,2.966077066957950592e-03
2.000000000000000000e+00,-9.206533432006835938e-03,5.912283435463905334e-03
2.000000000000000000e+00,-5.777001380920410156e-03,4.060076549649238586e-03
2.000000000000000000e+00,-2.311944961547851562e-03,-1.407904550433158875e-03
2.000000000000000000e+00,5.763947963714599609e-03,2.248942852020263672e-03
2.000000000000000000e+00,5.656480789184570312e-03,6.391026079654693604e-03
2.000000000000000000e+00,9.422421455383300781e-03,4.917625337839126587e-03
2.000000000000000000e+00,6.776571273803710938e-03,-5.822258070111274719e-03
2.000000000000000000e+00,1.189708709716796875e-03,-9.613517671823501587e-03
2.000000000000000000e+00,-1.217126846313476562e-04,6.167581304907798767e-04
2.000000000000000000e+00,1.246213912963867188e-03,-2.284467220306396484e-03
2.000000000000000000e+00,2.566635608673095703e-03,-4.151063039898872375e-03
2.000000000000000000e+00,2.822041511535644531e-03,1.616023480892181396e-03
2.000000000000000000e+00,5.420207977294921875e-03,-6.746808998286724091e-03
2.000000000000000000e+00,2.552390098571777344e-03,4.006321541965007782e-03
2.000000000000000000e+00,-5.377888679504394531e-03,7.053278386592864990e-03
2.000000000000000000e+00,-9.405612945556640625e-05,-3.631990868598222733e-03
2.000000000000000000e+00,9.695172309875488281e-03,-4.755717236548662186e-03
2.000000000000000000e+00,-1.981139183044433594e-03,6.436325609683990479e-03
2.000000000000000000e+00,1.877129077911376953e-03,-5.629552528262138367e-03
2.000000000000000000e+00,-3.813982009887695312e-03,-7.129076868295669556e-03
2.000000000000000000e+00,6.273686885833740234e-03,5.781736224889755249e-03
2.000000000000000000e+00,3.231406211853027344e-03,1.979927532374858856e-03
2.000000000000000000e+00,8.206665515899658203e-03,-3.246467094868421555e-03
2.000000000000000000e+00,4.539310932159423828e-03,4.105173051357269287e-03
2.000000000000000000e+00,-9.750008583068847656e-03,6.310142576694488525e-03
2.000000000000000000e+00,-8.479833602905273438e-03,-9.667166508734226227e-03
2.000000000000000000e+00,-5.881071090698242188e-03,7.319912314414978027e-03
2.000000000000000000e+00,-8.395552635192871094e-03,1.395306549966335297e-03
2.000000000000000000e+00,-3.611803054809570312e-03,5.068463273346424103e-03
2.000000000000000000e+00,1.907289028167724609e-03,7.527245208621025085e-03
2.000000000000000000e+00,-3.557324409484863281e-03,2.555510960519313812e-03
2.000000000000000000e+00,-9.717464447021484375e-03,7.333865389227867126e-03
2.000000000000000000e+00,-5.360960960388183594e-03,-6.899190135300159454e-03
2.000000000000000000e+00,-4.226326942443847656e-03,-1.768873073160648346e-03
2.000000000000000000e+00,7.295846939086914062e-03,2.547405660152435303e-03
2.000000000000000000e+00,7.573008537292480469e-03,8.664652705192565918e-04
2.000000000000000000e+00,-4.814386367797851562e-03,-5.800332874059677124e-03
2.000000000000000000e+00,-2.586007118225097656e-03,4.962370730936527252e-03
2.000000000000000000e+00,3.062486648559570312e-04,9.214838966727256775e-03
2.000000000000000000e+00,4.710435867309570312e-03,-1.288588158786296844e-03
2.000000000000000000e+00,-4.583597183227539062e-04,2.931348048150539398e-03
2.000000000000000000e+00,8.298337459564208984e-03,6.414026021957397461e-03
2.000000000000000000e+00,2.660572528839111328e-03,5.107046104967594147e-03
2.000000000000000000e+00,1.539587974548339844e-03,-3.100812435150146484e-03
2.000000000000000000e+00,2.116978168487548828e-03,-6.132739596068859100e-03
2.000000000000000000e+00,4.434525966644287109e-03,9.748157113790512085e-03
2.000000000000000000e+00,-3.760099411010742188e-03,9.327707812190055847e-03
2.000000000000000000e+00,-3.293633460998535156e-03,7.572317495942115784e-03
2.000000000000000000e+00,-9.861230850219726562e-03,7.047822698950767517e-03
2.000000000000000000e+00,-4.884004592895507812e-03,8.805138990283012390e-03
2.000000000000000000e+00,2.733707427978515625e-03,1.391488127410411835e-03
2.000000000000000000e+00,-9.321808815002441406e-03,4.426212981343269348e-04
2.000000000000000000e+00,6.598532199859619141e-03,7.542781531810760498e-03
2.000000000000000000e+00,-6.075024604797363281e-03,6.016707047820091248e-03
2.000000000000000000e+00,2.260565757751464844e-03,-5.553600843995809555e-03
2.000000000000000000e+00,4.167973995208740234e-03,7.980588823556900024e-03
2.000000000000000000e+00,-4.497766494750976562e-04,8.161475881934165955e-03
2.000000000000000000e+00,9.925305843353271484e-03,4.988040775060653687e-03
2.000000000000000000e+00,-6.195664405822753906e-03,-1.242149621248245239e-03
2.000000000000000000e+00,7.618606090545654297e-03,-1.492954790592193604e-03
2.000000000000000000e+00,-2.130150794982910156e-03,8.035173639655113220e-03
2.000000000000000000e+00,-3.278255462646484375e-05,2.731565386056900024e-03
2.000000000000000000e+00,6.290555000305175781e-03,1.974115148186683655e-03
2.000000000000000000e+00,-1.603960990905761719e-03,7.275439798831939697e-03
2.000000000000000000e+00,-9.179830551147460938e-03,3.771841526031494141e-03
2.000000000000000000e+00,6.964683532714843750e-03,9.961942210793495178e-03
2.000000000000000000e+00,-9.270787239074707031e-03,2.333883196115493774e-03
2.000000000000000000e+00,-9.511709213256835938e-03,-6.052373442798852921e-03
2.000000000000000000e+00,-2.704858779907226562e-04,-7.317101582884788513e-03
2.000000000000000000e+00,-5.468010902404785156e-03,7.804892957210540771e-04
2.000000000000000000e+00,6.727218627929687500e-03,8.736917749047279358e-03
2.000000000000000000e+00,6.259560585021972656e-03,4.045231267809867859e-03
2.000000000000000000e+00,8.855819702148437500e-03,3.750463947653770447e-04
2.000000000000000000e+00,4.394710063934326172e-03,-6.230088416486978531e-03
2.000000000000000000e+00,-8.373975753784179688e-03,-4.078341647982597351e-03
2.000000000000000000e+00,-6.451606750488281250e-04,-3.918109927326440811e-03
2.000000000000000000e+00,-8.525729179382324219e-03,9.181341156363487244e-03
2.000000000000000000e+00,-5.753755569458007812e-03,1.140629872679710388e-03
2.000000000000000000e+00,-9.899139404296875000e-03,9.857717901468276978e-03
2.000000000000000000e+00,5.604624748229980469e-04,-6.498174741864204407e-03
2.000000000000000000e+00,-1.078128814697265625e-03,8.677128702402114868e-03
2.000000000000000000e+00,3.601908683776855469e-03,9.466694667935371399e-03
2.000000000000000000e+00,9.662747383117675781e-03,-8.774989284574985504e-03
2.000000000000000000e+00,4.865229129791259766e-03,9.898243471980094910e-03
2.000000000000000000e+00,-9.186625480651855469e-03,-7.212842814624309540e-03
2.000000000000000000e+00,-4.993796348571777344e-03,1.709219999611377716e-03
2.000000000000000000e+00,3.318488597869873047e-03,-8.278094232082366943e-03
2.000000000000000000e+00,-8.647203445434570312e-03,6.884995847940444946e-03
2.000000000000000000e+00,5.537450313568115234e-03,2.712337300181388855e-04
2.000000000000000000e+00,7.671415805816650391e-03,9.685134515166282654e-03
2.000000000000000000e+00,-9.138703346252441406e-03,6.430478766560554504e-03
2.000000000000000000e+00,-2.686619758605957031e-03,-6.741865538060665131e-03
2.000000000000000000e+00,-1.142621040344238281e-03,-5.072112195193767548e-03
2.000000000000000000e+00,2.118885517120361328e-03,-9.782875888049602509e-03
2.000000000000000000e+00,6.896972656250000000e-03,5.285434424877166748e-03
2.000000000000000000e+00,-1.177072525024414062e-03,-8.241188712418079376e-03
2.000000000000000000e+00,-4.590153694152832031e-03,-3.454248886555433273e-03
2.000000000000000000e+00,2.504289150238037109e-03,-3.826784901320934296e-03
2.000000000000000000e+00,-5.308508872985839844e-03,9.310273453593254089e-03
2.000000000000000000e+00,-9.468197822570800781e-03,6.191132590174674988e-03
2.000000000000000000e+00,-6.098747253417968750e-03,4.423547536134719849e-03
2.000000000000000000e+00,3.249645233154296875e-04,-8.739088661968708038e-03
2.000000000000000000e+00,-9.082794189453125000e-03,8.232222869992256165e-03
2.000000000000000000e+00,-3.129243850708007812e-04,-7.178737781941890717e-03
2.000000000000000000e+00,7.368922233581542969e-03,8.476400747895240784e-03
2.000000000000000000e+00,9.375214576721191406e-04,3.302235156297683716e-03
2.000000000000000000e+00,-9.394645690917968750e-03,-2.992855384945869446e-03
2.000000000000000000e+00,2.743780612945556641e-03,6.311403587460517883e-03
2.000000000000000000e+00,3.957152366638183594e-03,7.807224988937377930e-03
2.000000000000000000e+00,3.677606582641601562e-03,-8.365848101675510406e-03
2.000000000000000000e+00,9.346544742584228516e-03,8.349789306521415710e-03
2.000000000000000000e+00,-3.898620605468750000e-03,6.121596321463584900e-03
2.000000000000000000e+00,-4.730224609375000000e-04,1.297719776630401611e-03
2.000000000000000000e+00,-9.090781211853027344e-03,2.089780755341053009e-03
2.000000000000000000e+00,-3.674268722534179688e-03,8.340926840901374817e-03
2.000000000000000000e+00,6.497323513031005859e-03,-6.485526449978351593e-03
2.000000000000000000e+00,-7.472872734069824219e-03,1.677022315561771393e-03
2.000000000000000000e+00,2.533435821533203125e-03,-1.695860177278518677e-03
2.000000000000000000e+00,4.586994647979736328e-03,9.273361414670944214e-03
2.000000000000000000e+00,5.190491676330566406e-03,-7.885871455073356628e-04
2.000000000000000000e+00,8.951306343078613281e-03,-1.162511296570301056e-03
2.000000000000000000e+00,-5.954980850219726562e-03,2.876218408346176147e-03
2.000000000000000000e+00,-5.772590637207031250e-03,7.883142679929733276e-03
2.000000000000000000e+00,8.898615837097167969e-03,1.984525471925735474e-03
2.000000000000000000e+00,4.921436309814453125e-03,9.884476661682128906e-03
2.000000000000000000e+00,6.705582141876220703e-03,-5.496727302670478821e-03
2.000000000000000000e+00,-5.179524421691894531e-03,1.946100965142250061e-03
2.000000000000000000e+00,1.851677894592285156e-03,-3.750966861844062805e-03
2.000000000000000000e+00,-7.442235946655273438e-03,6.184777244925498962e-03
2.000000000000000000e+00,-9.129166603088378906e-03,8.933164179325103760e-03
2.000000000000000000e+00,-4.128217697143554688e-04,-1.413859426975250244e-04
2.000000000000000000e+00,5.765855312347412109e-03,-5.991941783577203751e-03
2.000000000000000000e+00,-7.705688476562500000e-03,-5.815295036882162094e-03
2.000000000000000000e+00,8.936882019042968750e-03,9.191742166876792908e-03
2.000000000000000000e+00,-5.738973617553710938e-03,-3.089632838964462280e-03
2.000000000000000000e+00,6.143510341644287109e-03,5.731116980314254761e-03
2.000000000000000000e+00,-7.105827331542968750e-03,-3.476519603282213211e-03
2.000000000000000000e+00,-6.582140922546386719e-03,1.562799327075481415e-03
2.000000000000000000e+00,2.170145511627197266e-03,-4.971940536051988602e-03
2.000000000000000000e+00,9.265184402465820312e-03,5.215922370553016663e-03
2.000000000000000000e+00,-7.514238357543945312e-03,-5.167278926819562912e-03
2.000000000000000000e+00,-7.227063179016113281e-03,1.520843245089054108e-03
2.000000000000000000e+00,6.435453891754150391e-03,-2.239206805825233459e-03
2.000000000000000000e+00,-2.202153205871582031e-03,2.817741595208644867e-03
2.000000000000000000e+00,-5.827665328979492188e-03,-4.076913464814424515e-03
2.000000000000000000e+00,8.835196495056152344e-04,-7.316475734114646912e-03
2.000000000000000000e+00,-1.855492591857910156e-03,1.879538409411907196e-03
2.000000000000000000e+00,-8.926868438720703125e-03,2.749506384134292603e-03
2.000000000000000000e+00,4.365146160125732422e-03,-4.466699436306953430e-03
2.000000000000000000e+00,-5.604267120361328125e-03,2.645489759743213654e-03
2.000000000000000000e+00,-8.490085601806640625e-04,4.374654963612556458e-03
2.000000000000000000e+00,2.087950706481933594e-04,-9.459313005208969116e-03
2.000000000000000000e+00,-5.104660987854003906e-03,8.004242554306983948e-03
2.000000000000000000e+00,-2.371191978454589844e-03,-5.245541222393512726e-03
2.000000000000000000e+00,-1.624822616577148438e-04,-1.935235224664211273e-03
2.000000000000000000e+00,5.881071090698242188e-03,-1.772209070622920990e-03
2.000000000000000000e+00,2.888202667236328125e-03,-9.815544821321964264e-03
2.000000000000000000e+00,-6.302952766418457031e-03,3.456138074398040771e-03
2.000000000000000000e+00,-9.412884712219238281e-03,4.401423968374729156e-03
2.000000000000000000e+00,2.854526042938232422e-03,4.013093188405036926e-03
2.000000000000000000e+00,-2.604126930236816406e-03,-9.953013621270656586e-03
2.000000000000000000e+00,-2.893090248107910156e-03,-4.045721143484115601e-03
2.000000000000000000e+00,4.390656948089599609e-03,-3.654158208519220352e-03
2.000000000000000000e+00,-1.390457153320312500e-03,3.508929163217544556e-03
2.000000000000000000e+00,-1.169085502624511719e-03,2.507839351892471313e-03
2.000000000000000000e+00,7.135272026062011719e-04,-2.794637810438871384e-03
2.000000000000000000e+00,9.330272674560546875e-03,-9.145749732851982117e-03
2.000000000000000000e+00,-7.327556610107421875e-03,4.068740643560886383e-03
2.000000000000000000e+00,-9.877204895019531250e-03,-5.285676568746566772e-03
2.000000000000000000e+00,6.212830543518066406e-03,1.617209985852241516e-03
2.000000000000000000e+00,6.516158580780029297e-03,4.814155399799346924e-03
2.000000000000000000e+00,5.422830581665039062e-03,4.795237444341182709e-03
2.000000000000000000e+00,7.193326950073242188e-03,-6.723836529999971390e-03
2.000000000000000000e+00,-5.435705184936523438e-03,5.882611498236656189e-03
2.000000000000000000e+00,1.954436302185058594e-04,4.755347967147827148e-03
2.000000000000000000e+00,4.073202610015869141e-03,4.438773728907108307e-03
2.000000000000000000e+00,7.482528686523437500e-03,9.243013337254524231e-03
2.000000000000000000e+00,7.341206073760986328e-03,2.604671753942966461e-03
2.000000000000000000e+00,4.473626613616943359e-03,-2.115088514983654022e-03
2.000000000000000000e+00,7.580339908599853516e-03,-2.480326220393180847e-04
2.000000000000000000e+00,4.242718219757080078e-03,7.592678070068359375e-03
2.000000000000000000e+00,-5.872011184692382812e-03,-9.385700337588787079e-03
2.000000000000000000e+00,4.160761833190917969e-03,3.118745051324367523e-03
2.000000000000000000e+00,3.213882446289062500e-03,-1.749062910676002502e-03
2.000000000000000000e+00,-8.221030235290527344e-03,-9.975790977478027344e-03
2.000000000000000000e+00,-8.737325668334960938e-03,4.854653030633926392e-03
2.000000000000000000e+00,-7.761597633361816406e-03,-9.250132367014884949e-03
2.000000000000000000e+00,-3.507971763610839844e-03,-2.652927767485380173e-03
2.000000000000000000e+00,-3.792524337768554688e-03,9.125661104917526245e-03
2.000000000000000000e+00,-2.085924148559570312e-03,-7.674697786569595337e-03
2.000000000000000000e+00,-2.987861633300781250e-03,-3.004102036356925964e-04
2.000000000000000000e+00,-8.632183074951171875e-03,4.192915745079517365e-03
2.000000000000000000e+00,-6.671190261840820312e-03,-7.163818925619125366e-03
2.000000000000000000e+00,-5.697369575500488281e-03,-8.510404266417026520e-03
2.000000000000000000e+00,-3.046631813049316406e-03,1.045850105583667755e-03
2.000000000000000000e+00,5.479991436004638672e-03,-2.885288093239068985e-03
2.000000000000000000e+00,1.877605915069580078e-03,8.179420605301856995e-03
2.000000000000000000e+00,3.722906112670898438e-04,2.550967037677764893e-03
2.000000000000000000e+00,2.143323421478271484e-03,-3.760769497603178024e-03
2.000000000000000000e+00,-8.079528808593750000e-03,7.761664688587188721e-03
2.000000000000000000e+00,-7.730126380920410156e-03,8.023303002119064331e-03
2.000000000000000000e+00,2.591192722320556641e-03,1.444399356842041016e-03
2.000000000000000000e+00,6.569802761077880859e-03,7.007647305727005005e-03
2.000000000000000000e+00,-8.141994476318359375e-03,-3.917905036360025406e-03
2.000000000000000000e+00,8.262097835540771484e-03,-7.997469976544380188e-03
2.000000000000000000e+00,4.480719566345214844e-03,9.580004960298538208e-03
2.000000000000000000e+00,2.180933952331542969e-03,4.485429264605045319e-03
2.000000000000000000e+00,-2.154946327209472656e-03,5.559921264648437500e-03
2.000000000000000000e+00,6.022572517395019531e-03,1.959241926670074463e-03
2.000000000000000000e+00,-7.464766502380371094e-03,7.902231067419052124e-03
2.000000000000000000e+00,1.184940338134765625e-04,-5.781340412795543671e-03
2.000000000000000000e+00,4.155457019805908203e-03,-5.456194747239351273e-03
2.000000000000000000e+00,9.704411029815673828e-03,2.296365797519683838e-03
2.000000000000000000e+00,8.939087390899658203e-03,-5.955379921942949295e-03
2.000000000000000000e+00,-6.386518478393554688e-03,-9.516763500869274139e-03
2.000000000000000000e+00,6.803393363952636719e-03,3.012687899172306061e-03
2.000000000000000000e+00,-6.190538406372070312e-04,-6.239068694412708282e-03
2.000000000000000000e+00,8.973896503448486328e-03,3.664369694888591766e-03
2.000000000000000000e+00,5.820751190185546875e-03,4.038511775434017181e-03
2.000000000000000000e+00,1.801848411560058594e-04,8.439736440777778625e-03
2.000000000000000000e+00,9.999692440032958984e-03,7.307996973395347595e-03
2.000000000000000000e+00,7.430911064147949219e-04,3.827541135251522064e-03
2.000000000000000000e+00,-1.859664916992187500e-03,-6.472179666161537170e-04
2.000000000000000000e+00,-9.154558181762695312e-03,-9.688106365501880646e-03
2.000000000000000000e+00,-9.070634841918945312e-04,5.279613658785820007e-03
2.000000000000000000e+00,5.235910415649414062e-03,9.229317307472229004e-03
2.000000000000000000e+00,-8.114576339721679688e-04,-3.074295818805694580e-06
2.000000000000000000e+00,6.477236747741699219e-03,1.996457576751708984e-03
2.000000000000000000e+00,-4.862189292907714844e-03,8.771069347858428955e-03
2.000000000000000000e+00,-3.879904747009277344e-03,8.713854476809501648e-03
2.000000000000000000e+00,9.329915046691894531e-03,-4.470627289265394211e-03
2.000000000000000000e+00,1.205086708068847656e-03,-4.478719085454940796e-03
2.000000000000000000e+00,1.465320587158203125e-03,1.626824960112571716e-03
2.000000000000000000e+00,7.996380329132080078e-03,4.894733428955078125e-04
2.000000000000000000e+00,6.872534751892089844e-03,7.766759023070335388e-03
2.000000000000000000e+00,9.750425815582275391e-03,-5.361745133996009827e-04
2.000000000000000000e+00,-6.123900413513183594e-03,8.909501135349273682e-03
2.000000000000000000e+00,7.008433341979980469e-03,-9.538903832435607910e-03
2.000000000000000000e+00,6.071329116821289062e-04,-5.270832683891057968e-03
2.000000000000000000e+00,-6.477355957031250000e-03,-3.182969987392425537e-03
2.000000000000000000e+00,-3.217816352844238281e-03,8.974784985184669495e-03
2.000000000000000000e+00,-1.270413398742675781e-03,-6.537626497447490692e-03
2.000000000000000000e+00,-1.361727714538574219e-03,9.783204644918441772e-03
2.000000000000000000e+00,6.973624229431152344e-03,-6.647203117609024048e-03
2.000000000000000000e+00,-5.042314529418945312e-03,6.874868646264076233e-03
2.000000000000000000e+00,-1.012802124023437500e-03,-8.208240382373332977e-03
2.000000000000000000e+00,-9.918212890625000000e-05,4.362158477306365967e-03
2.000000000000000000e+00,5.951166152954101562e-03,-8.000703528523445129e-03
2.000000000000000000e+00,-2.443552017211914062e-03,1.002565957605838776e-03
2.000000000000000000e+00,2.416253089904785156e-03,-8.964777924120426178e-03
2.000000000000000000e+00,1.471877098083496094e-03,-2.818992361426353455e-04
2.000000000000000000e+00,-3.369331359863281250e-03,5.462038330733776093e-03
2.000000000000000000e+00,9.394288063049316406e-04,6.287569180130958557e-03
2.000000000000000000e+00,8.162319660186767578e-03,5.596143193542957306e-03
2.000000000000000000e+00,-6.911396980285644531e-03,-7.937328889966011047e-03
2.000000000000000000e+00,4.714429378509521484e-03,6.176183000206947327e-03
2.000000000000000000e+00,-9.194016456604003906e-03,-9.392836131155490875e-03
2.000000000000000000e+00,2.786457538604736328e-03,-4.875234328210353851e-03
2.000000000000000000e+00,-2.203941345214843750e-03,1.382189802825450897e-03
2.000000000000000000e+00,-4.296779632568359375e-03,-6.101640406996011734e-03
2.000000000000000000e+00,2.578377723693847656e-03,-5.066239740699529648e-03
2.000000000000000000e+00,7.793009281158447266e-03,-2.114052884280681610e-03
2.000000000000000000e+00,-2.179622650146484375e-03,8.178642019629478455e-03
2.000000000000000000e+00,-4.654765129089355469e-03,-2.179806120693683624e-03
2.000000000000000000e+00,-5.896329879760742188e-03,-6.107904948294162750e-03
2.000000000000000000e+00,-8.185982704162597656e-03,-5.525681655853986740e-03
2.000000000000000000e+00,8.749365806579589844e-03,4.063554108142852783e-03
2.000000000000000000e+00,-1.239895820617675781e-03,-9.052091278135776520e-03
2.000000000000000000e+00,7.923960685729980469e-03,-5.370717961341142654e-03
2.000000000000000000e+00,5.594134330749511719e-03,9.244540706276893616e-03
2.000000000000000000e+00,6.848573684692382812e-03,-3.805894870311021805e-03
2.000000000000000000e+00,-7.768392562866210938e-03,-6.619188934564590454e-05
2.000000000000000000e+00,-4.075407981872558594e-03,-9.065176360309123993e-03
2.000000000000000000e+00,-4.147291183471679688e-04,-4.737623967230319977e-03
2.000000000000000000e+00,-7.751941680908203125e-03,-9.023568592965602875e-03
2.000000000000000000e+00,3.158688545227050781e-03,8.589129894971847534e-03
2.000000000000000000e+00,-7.349252700805664062e-03,4.169417545199394226e-03
2.000000000000000000e+00,-4.460334777832031250e-03,4.365639761090278625e-03
2.000000000000000000e+00,7.112026214599609375e-04,-7.281714584678411484e-03
2.000000000000000000e+00,3.129184246063232422e-03,8.936442434787750244e-03
2.000000000000000000e+00,7.685363292694091797e-03,4.023481160402297974e-03
2.000000000000000000e+00,2.056658267974853516e-03,8.610468357801437378e-03
2.000000000000000000e+00,-6.869316101074218750e-03,-9.124795906245708466e-03
2.000000000000000000e+00,5.218803882598876953e-03,-9.067113511264324188e-03
2.000000000000000000e+00,-7.736444473266601562e-03,7.407551631331443787e-03
2.000000000000000000e+00,2.590715885162353516e-03,-7.817992940545082092e-03
2.000000000000000000e+00,-3.878951072692871094e-03,1.599634066224098206e-03
2.000000000000000000e+00,-9.500980377197265625e-03,5.313636735081672668e-03
2.000000000000000000e+00,-6.164669990539550781e-03,-1.348210498690605164e-04
2.000000000000000000e+00,3.474295139312744141e-03,-3.702178131788969040e-03
2.000000000000000000e+00,8.370101451873779297e-03,9.939484298229217529e-03
2.000000000000000000e+00,8.828043937683105469e-04,3.389595076441764832e-04
2.000000000000000000e+00,-3.841876983642578125e-03,-5.985901225358247757e-03
2.000000000000000000e+00,-3.714442253112792969e-03,-8.085625246167182922e-03
2.000000000000000000e+00,6.616175174713134766e-03,-2.044924534857273102e-03
2.000000000000000000e+00,-9.403586387634277344e-03,7.220841944217681885e-03
2.000000000000000000e+00,7.847547531127929688e-04,-7.257581688463687897e-03
2.000000000000000000e+00,-4.276156425476074219e-03,7.269654422998428345e-03
2.000000000000000000e+00,7.616221904754638672e-03,7.011499255895614624e-04
2.000000000000000000e+00,-7.925033569335937500e-04,4.921611398458480835e-03
2.000000000000000000e+00,9.933471679687500000e-03,-7.680651731789112091e-03
2.000000000000000000e+00,-2.660036087036132812e-03,-3.347205929458141327e-03
2.000000000000000000e+00,2.456367015838623047e-03,3.748942166566848755e-03
2.000000000000000000e+00,-7.004737854003906250e-04,9.777225553989410400e-03
2.000000000000000000e+00,7.845699787139892578e-03,-7.029588334262371063e-03
2.000000000000000000e+00,-8.423447608947753906e-03,8.640490472316741943e-03
2.000000000000000000e+00,6.986856460571289062e-04,-8.225987665355205536e-03
2.000000000000000000e+00,7.067561149597167969e-03,5.043878220021724701e-03
2.000000000000000000e+00,-8.586883544921875000e-03,-7.112099789083003998e-03
2.000000000000000000e+00,1.457691192626953125e-03,3.658364526927471161e-03
2.000000000000000000e+00,-4.011869430541992188e-03,-7.049189880490303040e-04
2.000000000000000000e+00,9.620904922485351562e-03,-8.703646250069141388e-03
2.000000000000000000e+00,-1.168251037597656250e-04,8.354820311069488525e-03
2.000000000000000000e+00,7.438063621520996094e-04,-2.510715276002883911e-04
2.000000000000000000e+00,2.561330795288085938e-03,6.216196343302726746e-03
2.000000000000000000e+00,-4.335403442382812500e-03,8.784033358097076416e-03
2.000000000000000000e+00,-2.045631408691406250e-04,-3.267774358391761780e-03
2.000000000000000000e+00,-8.155345916748046875e-03,-4.597336985170841217e-03
2.000000000000000000e+00,-9.102582931518554688e-03,4.454009234905242920e-03
2.000000000000000000e+00,1.058399677276611328e-03,2.461548894643783569e-03
2.000000000000000000e+00,-3.533363342285156250e-03,-8.709911257028579712e-03
2.000000000000000000e+00,-9.858608245849609375e-04,2.487864345312118530e-03
2.000000000000000000e+00,-6.136894226074218750e-03,3.447951748967170715e-04
2.000000000000000000e+00,-3.157258033752441406e-03,-4.381930921226739883e-03
2.000000000000000000e+00,-8.619427680969238281e-03,6.047237664461135864e-03
2.000000000000000000e+00,-7.127881050109863281e-03,1.856368966400623322e-03
2.000000000000000000e+00,-5.973577499389648438e-03,-2.071321941912174225e-03
2.000000000000000000e+00,6.961166858673095703e-03,-3.597049508243799210e-03
2.000000000000000000e+00,9.248912334442138672e-03,3.924324177205562592e-03
2.000000000000000000e+00,-3.400921821594238281e-03,4.168615676462650299e-03
2.000000000000000000e+00,-9.031176567077636719e-03,9.394695982336997986e-03
2.000000000000000000e+00,1.858592033386230469e-03,3.252459689974784851e-03
2.000000000000000000e+00,-8.116960525512695312e-03,5.738798528909683228e-03
2.000000000000000000e+00,-3.790855407714843750e-03,7.801501080393791199e-03
2.000000000000000000e+00,-2.355694770812988281e-03,8.049907162785530090e-03
2.000000000000000000e+00,2.395510673522949219e-04,5.307077430188655853e-03
2.000000000000000000e+00,4.031777381896972656e-03,7.926905527710914612e-03
2.000000000000000000e+00,8.371114730834960938e-03,-9.905097074806690216e-03
2.000000000000000000e+00,8.362829685211181641e-03,-5.733599420636892319e-03
2.000000000000000000e+00,5.076229572296142578e-03,4.989327862858772278e-04
2.000000000000000000e+00,8.996963500976562500e-03,8.401429280638694763e-03
2.000000000000000000e+00,-5.225777626037597656e-03,4.387699998915195465e-03
2.000000000000000000e+00,1.157820224761962891e-03,2.333994023501873016e-03
2.000000000000000000e+00,-9.827852249145507812e-03,-7.765745744109153748e-03
2.000000000000000000e+00,8.529484272003173828e-03,-4.323223605751991272e-03
2.000000000000000000e+00,5.478978157043457031e-03,2.395052462816238403e-03
2.000000000000000000e+00,-2.518773078918457031e-03,-6.286869756877422333e-03
2.000000000000000000e+00,4.316568374633789062e-03,6.056128069758415222e-03
2.000000000000000000e+00,-5.155682563781738281e-03,-6.521240342408418655e-03
2.000000000000000000e+00,-8.279442787170410156e-03,-7.970448583364486694e-03
2.000000000000000000e+00,2.141892910003662109e-03,-9.024961851537227631e-03
2.000000000000000000e+00,4.167020320892333984e-03,-4.856577143073081970e-04
2.000000000000000000e+00,-2.645015716552734375e-03,4.313337616622447968e-03
2.000000000000000000e+00,-3.311395645141601562e-03,-2.726288978010416031e-03
2.000000000000000000e+00,2.437353134155273438e-03,7.156988605856895447e-03
2.000000000000000000e+00,-1.903295516967773438e-03,7.393112406134605408e-03
2.000000000000000000e+00,2.084195613861083984e-03,-5.905762780457735062e-03
2.000000000000000000e+00,-7.755637168884277344e-03,7.935551926493644714e-03
2.000000000000000000e+00,-3.418087959289550781e-03,9.645983576774597168e-03
2.000000000000000000e+00,-3.148198127746582031e-03,4.180627875030040741e-03
2.000000000000000000e+00,1.953601837158203125e-03,9.446967393159866333e-03
2.000000000000000000e+00,-1.850962638854980469e-03,-4.454427864402532578e-03
2.000000000000000000e+00,7.849931716918945312e-03,-3.416820894926786423e-03
2.000000000000000000e+00,9.675264358520507812e-03,5.177967250347137451e-04
2.000000000000000000e+00,-6.969690322875976562e-03,-3.631101921200752258e-03
2.000000000000000000e+00,-3.974318504333496094e-03,-3.742934204638004303e-03
2.000000000000000000e+00,6.674170494079589844e-03,8.377717807888984680e-03
2.000000000000000000e+00,-2.493500709533691406e-03,-8.997431024909019470e-03
2.000000000000000000e+00,6.330192089080810547e-03,5.726302042603492737e-03
2.000000000000000000e+00,-6.952404975891113281e-03,8.674519136548042297e-03
2.000000000000000000e+00,3.892004489898681641e-03,-1.072642393410205841e-03
2.000000000000000000e+00,-3.798723220825195312e-03,-9.891373105347156525e-03
2.000000000000000000e+00,7.006108760833740234e-03,-3.455611411482095718e-03
2.000000000000000000e+00,-6.431102752685546875e-03,5.730796605348587036e-03
2.000000000000000000e+00,4.498183727264404297e-03,9.957384318113327026e-03
2.000000000000000000e+00,-5.397796630859375000e-03,-8.756046183407306671e-03
2.000000000000000000e+00,4.549443721771240234e-03,3.587188199162483215e-03
2.000000000000000000e+00,2.632558345794677734e-03,3.989668563008308411e-03
2.000000000000000000e+00,-7.538080215454101562e-03,4.540110938251018524e-03
2.000000000000000000e+00,4.266560077667236328e-03,-1.065195538103580475e-03
2.000000000000000000e+00,1.929461956024169922e-03,-3.417739644646644592e-04
2.000000000000000000e+00,-6.368517875671386719e-03,-2.934920601546764374e-03
2.000000000000000000e+00,7.454752922058105469e-04,7.983114570379257202e-03
2.000000000000000000e+00,-3.279566764831542969e-03,-1.204415224492549896e-03
2.000000000000000000e+00,6.186485290527343750e-03,4.254410974681377411e-03
2.000000000000000000e+00,-3.900527954101562500e-03,-7.590475026518106461e-03
2.000000000000000000e+00,-8.727312088012695312e-04,-7.772192824631929398e-03
2.000000000000000000e+00,-2.289056777954101562e-03,6.637105718255043030e-03
2.000000000000000000e+00,2.699911594390869141e-03,-3.456398379057645798e-03
2.000000000000000000e+00,-5.828976631164550781e-03,-2.933292184025049210e-03
2.000000000000000000e+00,2.683579921722412109e-03,-6.883861962705850601e-03
2.000000000000000000e+00,-5.961060523986816406e-03,-8.035127073526382446e-03
2.000000000000000000e+00,-6.007075309753417969e-03,5.082619376480579376e-03
2.000000000000000000e+00,6.035864353179931641e-03,-6.380578037351369858e-03
2.000000000000000000e+00,8.863925933837890625e-03,1.357940025627613068e-03
2.000000000000000000e+00,-6.319522857666015625e-03,7.669553160667419434e-03
2.000000000000000000e+00,9.148299694061279297e-03,3.445583395659923553e-03
2.000000000000000000e+00,-6.762027740478515625e-03,-3.987880889326334000e-03
2.000000000000000000e+00,3.528237342834472656e-03,-8.544586598873138428e-03
2.000000000000000000e+00,-4.542708396911621094e-03,3.785420209169387817e-03
2.000000000000000000e+00,-1.133680343627929688e-03,2.795524895191192627e-03
2.000000000000000000e+00,-8.439540863037109375e-03,4.279533401131629944e-03
2.000000000000000000e+00,5.240499973297119141e-03,1.226198859512805939e-03
2.000000000000000000e+00,-5.902767181396484375e-03,2.087317407131195068e-03
2.000000000000000000e+00,-2.996325492858886719e-03,5.524149164557456970e-03
2.000000000000000000e+00,-8.837223052978515625e-03,-7.305282168090343475e-03
2.000000000000000000e+00,-5.650401115417480469e-03,8.383914828300476074e-04
2.000000000000000000e+00,7.291197776794433594e-03,-3.576368093490600586e-03
2.000000000000000000e+00,-9.619712829589843750e-03,1.355768181383609772e-03
2.000000000000000000e+00,-8.958458900451660156e-03,1.514131203293800354e-03
2.000000000000000000e+00,5.226731300354003906e-04,6.424980238080024719e-03
2.000000000000000000e+00,-2.153873443603515625e-03,8.805086836218833923e-03
2.000000000000000000e+00,-1.038789749145507812e-03,3.652198240160942078e-03
2.000000000000000000e+00,6.019592285156250000e-03,-2.193759661167860031e-03
2.000000000000000000e+00,2.246558666229248047e-03,4.726724699139595032e-03
2.000000000000000000e+00,1.877367496490478516e-03,-2.218306995928287506e-03
2.000000000000000000e+00,6.379187107086181641e-03,-4.548456519842147827e-03
2.000000000000000000e+00,-8.400797843933105469e-03,-8.582800626754760742e-03
2.000000000000000000e+00,1.791834831237792969e-03,4.009179770946502686e-03
2.000000000000000000e+00,-9.683132171630859375e-03,-8.775076828896999359e-03
2.000000000000000000e+00,6.523907184600830078e-03,-9.178376756608486176e-03
2.000000000000000000e+00,-8.208155632019042969e-03,-8.300831541419029236e-03
2.000000000000000000e+00,-6.198883056640625000e-04,-8.892179466784000397e-03
2.000000000000000000e+00,-3.036260604858398438e-03,9.422369301319122314e-03
2.000000000000000000e+00,7.094025611877441406e-03,3.038636408746242523e-03
2.000000000000000000e+00,-1.508831977844238281e-03,5.081556737422943115e-03
2.000000000000000000e+00,6.680130958557128906e-03,-1.264486461877822876e-03
2.000000000000000000e+00,-7.874011993408203125e-03,7.998116314411163330e-03
2.000000000000000000e+00,4.142701625823974609e-03,-5.040317773818969727e-05
2.000000000000000000e+00,-7.507920265197753906e-03,-3.676376305520534515e-03
2.000000000000000000e+00,-2.115488052368164062e-03,5.459908396005630493e-03
2.000000000000000000e+00,-1.890182495117187500e-03,3.539294935762882233e-03
2.000000000000000000e+00,-9.954690933227539062e-03,4.484942182898521423e-03
2.000000000000000000e+00,-3.030896186828613281e-03,-2.290828153491020203e-03
2.000000000000000000e+00,3.479719161987304688e-03,-5.496253725141286850e-03
2.000000000000000000e+00,-5.798101425170898438e-03,-1.014205627143383026e-03
2.000000000000000000e+00,-1.649022102355957031e-03,9.050065651535987854e-03
2.000000000000000000e+00,-2.062320709228515625e-05,4.449567757546901703e-03
2.000000000000000000e+00,-8.340954780578613281e-03,-5.538221448659896851e-04
2.000000000000000000e+00,1.214444637298583984e-03,-6.399190053343772888e-03
2.000000000000000000e+00,-6.734848022460937500e-03,-3.864830825477838516e-03
2.000000000000000000e+00,-9.831190109252929688e-03,3.576467745006084442e-03
2.000000000000000000e+00,-1.644849777221679688e-03,-4.419095348566770554e-03
2.000000000000000000e+00,-2.927064895629882812e-03,5.125434137880802155e-03
2.000000000000000000e+00,-7.739663124084472656e-03,2.920744009315967560e-03
2.000000000000000000e+00,-6.466984748840332031e-03,8.055049926042556763e-03
2.000000000000000000e+00,4.960358142852783203e-03,4.372523166239261627e-03
2.000000000000000000e+00,-2.583503723144531250e-03,-3.272859845310449600e-03
2.000000000000000000e+00,7.908225059509277344e-03,-3.711466677486896515e-03
2.000000000000000000e+00,-7.911324501037597656e-03,8.446250110864639282e-03
2.000000000000000000e+00,-8.018612861633300781e-03,7.606081664562225342e-03
2.000000000000000000e+00,4.864990711212158203e-03,-2.606825903058052063e-03
2.000000000000000000e+00,-2.844214439392089844e-03,4.067000001668930054e-03
2.000000000000000000e+00,-8.930087089538574219e-03,-2.794285770505666733e-03
2.000000000000000000e+00,8.148550987243652344e-04,-9.145972318947315216e-03
2.000000000000000000e+00,-1.833438873291015625e-03,4.161680117249488831e-03
2.000000000000000000e+00,-1.201033592224121094e-03,-1.007799990475177765e-03
2.000000000000000000e+00,-7.056474685668945312e-03,7.054828107357025146e-03
2.000000000000000000e+00,8.535563945770263672e-03,4.827860742807388306e-03
2.000000000000000000e+00,1.164972782135009766e-03,-1.201340928673744202e-03
2.000000000000000000e+00,-1.161336898803710938e-03,-3.772458992898464203e-03
2.000000000000000000e+00,3.905475139617919922e-03,-1.374803483486175537e-03
2.000000000000000000e+00,6.047427654266357422e-03,2.742310985922813416e-03
2.000000000000000000e+00,-7.310986518859863281e-03,4.545438103377819061e-03
2.000000000000000000e+00,-4.133105278015136719e-03,9.026033803820610046e-04
2.000000000000000000e+00,5.250632762908935547e-03,-3.494064789265394211e-03
2.000000000000000000e+00,-2.951502799987792969e-03,-4.380897153168916702e-03
2.000000000000000000e+00,6.200492382049560547e-03,4.294705577194690704e-03
2.000000000000000000e+00,-6.817698478698730469e-03,5.582141689956188202e-03
2.000000000000000000e+00,4.277825355529785156e-04,-7.050481624901294708e-03
2.000000000000000000e+00,4.250645637512207031e-03,7.157925516366958618e-03
2.000000000000000000e+00,2.551257610321044922e-03,-6.781600415706634521e-03
2.000000000000000000e+00,-9.228706359863281250e-03,-7.640280760824680328e-03
2.000000000000000000e+00,-7.827997207641601562e-03,-2.840429544448852539e-03
