2.000000000000000000e+00,7.185637950897216797e-03,-6.544620729982852936e-03
2.000000000000000000e+00,9.817421436309814453e-03,6.048329174518585205e-03
2.000000000000000000e+00,-4.344820976257324219e-03,-6.564892828464508057e-04
2.000000000000000000e+00,-5.189538002014160156e-03,-5.097908899188041687e-03
2.000000000000000000e+00,4.184305667877197266e-03,2.969874069094657898e-03
2.000000000000000000e+00,-8.683443069458007812e-03,1.708483323454856873e-04
2.000000000000000000e+00,8.257746696472167969e-03,-7.133843842893838882e-03
2.000000000000000000e+00,1.853108406066894531e-04,5.595343187451362610e-03
2.000000000000000000e+00,9.604990482330322266e-03,-9.829036891460418701e-03
2.000000000000000000e+00,7.041692733764648438e-04,-3.872824832797050476e-03
2.000000000000000000e+00,7.015585899353027344e-03,-8.146006613969802856e-03
2.000000000000000000e+00,3.647327423095703125e-03,1.738897524774074554e-03
2.000000000000000000e+00,-8.555650711059570312e-04,7.563712075352668762e-03
2.000000000000000000e+00,8.583068847656250000e-05,-5.919080693274736404e-03
2.000000000000000000e+00,-2.678394317626953125e-03,4.809461534023284912e-03
2.000000000000000000e+00,-5.416035652160644531e-03,-2.826634794473648071e-03
2.000000000000000000e+00,5.344510078430175781e-03,7.687278091907501221e-03
2.000000000000000000e+00,1.086950302124023438e-03,6.489833816885948181e-03
2.000000000000000000e+00,2.428889274597167969e-04,-7.962963543832302094e-03
2.000000000000000000e+00,3.193736076354980469e-03,7.666645571589469910e-03
2.000000000000000000e+00,5.592346191406250000e-03,-7.030682638287544250e-03
2.000000000000000000e+00,8.108615875244140625e-03,-3.898094873875379562e-03
2.000000000000000000e+00,-7.521986961364746094e-03,-5.305484402924776077e-03
2.000000000000000000e+00,4.970073699951171875e-03,6.834713742136955261e-03
2.000000000000000000e+00,-8.366346359252929688e-03,7.047690451145172119e-03
2.000000000000000000e+00,3.570318222045898438e-04,-9.252090007066726685e-03
2.000000000000000000e+00,9.707212448120117188e-04,5.055997520685195923e-03
2.000000000000000000e+00,3.531575202941894531e-03,-8.684781379997730255e-03
2.000000000000000000e+00,-5.166530609130859375e-03,2.002920955419540405e-04
2.000000000000000000e+00,-5.936264991760253906e-03,5.628826096653938293e-03
2.000000000000000000e+00,4.928588867187500000e-03,-3.811296075582504272e-03
2.000000000000000000e+00,4.101574420928955078e-03,-2.910893876105546951e-03
2.000000000000000000e+00,9.606420993804931641e-03,8.756265044212341309e-03
2.000000000000000000e+00,9.448289871215820312e-03,-3.408886026591062546e-03
2.000000000000000000e+00,-4.709124565124511719e-03,1.135086640715599060e-03
2.000000000000000000e+00,-3.165483474731445312e-03,-9.170267730951309204e-03
2.000000000000000000e+00,5.373775959014892578e-03,-7.243527099490165710e-03
2.000000000000000000e+00,-2.268791198730468750e-03,-9.845491498708724976e-03
2.000000000000000000e+00,-6.932020187377929688e-04,9.638993069529533386e-03
2.000000000000000000e+00,9.260654449462890625e-03,-5.582667421549558640e-03
2.000000000000000000e+00,-2.135753631591796875e-03,2.246715128421783447e-03
2.000000000000000000e+00,-6.326675415039062500e-03,-6.332002580165863037e-03
2.000000000000000000e+00,3.772377967834472656e-03,-6.154354661703109741e-03
2.000000000000000000e+00,3.147780895233154297e-03,-8.838981389999389648e-03
2.000000000000000000e+00,9.840726852416992188e-04,-1.603973098099231720e-03
2.000000000000000000e+00,-2.777099609375000000e-03,-1.002410426735877991e-03
2.000000000000000000e+00,1.407563686370849609e-03,-8.571863174438476562e-03
2.000000000000000000e+00,7.286012172698974609e-03,-1.477063633501529694e-03
2.000000000000000000e+00,4.035472869873046875e-03,-8.672393858432769775e-03
2.000000000000000000e+00,9.218275547027587891e-03,-6.365463603287935257e-03
2.000000000000000000e+00,1.483142375946044922e-03,3.355895169079303741e-03
2.000000000000000000e+00,5.645036697387695312e-03,2.389358356595039368e-03
2.000000000000000000e+00,4.028856754302978516e-03,-7.254655472934246063e-03
2.000000000000000000e+00,-6.006002426147460938e-03,-3.353547770529985428e-03
2.000000000000000000e+00,-8.147478103637695312e-03,-4.442053847014904022e-03
2.000000000000000000e+00,9.435653686523437500e-03,-9.210769087076187134e-03
2.000000000000000000e+00,8.865356445312500000e-03,8.566200733184814453e-03
2.000000000000000000e+00,-4.972934722900390625e-03,-3.894991707056760788e-03
2.000000000000000000e+00,5.022704601287841797e-03,5.541141144931316376e-03
2.000000000000000000e+00,-2.291202545166015625e-03,4.294309765100479126e-04
2.000000000000000000e+00,4.757285118103027344e-03,-8.535603061318397522e-03
2.000000000000000000e+00,-7.502675056457519531e-03,-8.604240603744983673e-03
2.000000000000000000e+00,-8.306026458740234375e-03,-2.912592608481645584e-03
2.000000000000000000e+00,2.156376838684082031e-03,-4.353600554168224335e-03
2.000000000000000000e+00,-3.908872604370117188e-04,9.191868826746940613e-03
2.000000000000000000e+00,-1.078724861145019531e-03,1.968565396964550018e-03
2.000000000000000000e+00,6.036579608917236328e-03,-2.216072753071784973e-04
2.000000000000000000e+00,7.583498954772949219e-03,-6.784586701542139053e-03
2.000000000000000000e+00,5.004882812500000000e-03,-5.795148666948080063e-03
2.000000000000000000e+00,-2.994894981384277344e-03,-8.803683333098888397e-03
2.000000000000000000e+00,-3.346323966979980469e-03,4.719069227576255798e-03
2.000000000000000000e+00,7.803559303283691406e-03,-7.030083797872066498e-03
2.000000000000000000e+00,-3.902435302734375000e-03,9.446853771805763245e-03
2.000000000000000000e+00,1.143097877502441406e-03,-8.688017725944519043e-03
2.000000000000000000e+00,-5.032658576965332031e-03,3.004800528287887573e-04
2.000000000000000000e+00,-8.089900016784667969e-03,-5.688695702701807022e-03
2.000000000000000000e+00,-4.416584968566894531e-03,-2.378766424953937531e-03
2.000000000000000000e+00,-7.707715034484863281e-03,-3.504925873130559921e-03
2.000000000000000000e+00,-5.199909210205078125e-04,-3.307980019599199295e-03
2.000000000000000000e+00,1.281738281250000000e-03,-3.986631520092487335e-03
2.000000000000000000e+00,-1.973271369934082031e-03,-9.227801114320755005e-03
2.000000000000000000e+00,2.591788768768310547e-03,-3.308141604065895081e-04
2.000000000000000000e+00,4.587233066558837891e-03,-2.478876151144504547e-03
2.000000000000000000e+00,-2.479791641235351562e-03,-9.910554625093936920e-03
2.000000000000000000e+00,-8.574604988098144531e-03,-7.318458519876003265e-03
2.000000000000000000e+00,-2.956271171569824219e-03,3.767604008316993713e-03
2.000000000000000000e+00,3.956675529479980469e-03,1.849622465670108795e-03
2.000000000000000000e+00,-6.949067115783691406e-03,2.345348708331584930e-03
2.000000000000000000e+00,6.430506706237792969e-03,-6.395159754902124405e-03
2.000000000000000000e+00,2.698957920074462891e-03,5.535249598324298859e-03
2.000000000000000000e+00,-7.315635681152343750e-03,7.947782054543495178e-03
2.000000000000000000e+00,4.172325134277343750e-05,1.250009052455425262e-03
2.000000000000000000e+00,-7.978796958923339844e-03,-8.927373215556144714e-03
2.000000000000000000e+00,3.228962421417236328e-03,9.838750585913658142e-03
2.000000000000000000e+00,1.947879791259765625e-03,-3.419961780309677124e-03
2.000000000000000000e+00,-2.672910690307617188e-03,2.093996852636337280e-03
2.000000000000000000e+00,4.159510135650634766e-03,-4.859848879277706146e-03
2.000000000000000000e+00,7.335245609283447266e-03,8.320266380906105042e-03
2.000000000000000000e+00,9.284615516662597656e-03,-7.487727329134941101e-03
2.000000000000000000e+00,-5.241632461547851562e-04,-4.483504220843315125e-03
2.000000000000000000e+00,-7.184386253356933594e-03,1.336660236120223999e-03
2.000000000000000000e+00,1.194477081298828125e-04,8.226592093706130981e-03
2.000000000000000000e+00,-5.033969879150390625e-03,-9.007037617266178131e-03
2.000000000000000000e+00,4.732072353363037109e-03,7.074669003486633301e-03
2.000000000000000000e+00,3.290534019470214844e-03,6.440447643399238586e-03
2.000000000000000000e+00,-2.254366874694824219e-03,3.639632835984230042e-03
2.000000000000000000e+00,5.937159061431884766e-03,-5.410672165453433990e-03
2.000000000000000000e+00,9.695053100585937500e-03,-9.836062788963317871e-03
2.000000000000000000e+00,4.894852638244628906e-03,-1.314099878072738647e-03
2.000000000000000000e+00,1.518905162811279297e-03,-2.412123605608940125e-03
2.000000000000000000e+00,-4.538774490356445312e-03,2.353955060243606567e-03
2.000000000000000000e+00,6.386697292327880859e-03,-7.716523483395576477e-03
2.000000000000000000e+00,1.019537448883056641e-03,9.964033961296081543e-03
2.000000000000000000e+00,-5.448222160339355469e-03,5.779150873422622681e-03
2.000000000000000000e+00,6.385445594787597656e-04,-2.142322249710559845e-03
2.000000000000000000e+00,6.567239761352539062e-03,1.774685457348823547e-03
2.000000000000000000e+00,-8.173227310180664062e-03,8.718196302652359009e-03
2.000000000000000000e+00,-7.563710212707519531e-03,-9.788721799850463867e-03
2.000000000000000000e+00,9.977638721466064453e-03,5.877254530787467957e-03
2.000000000000000000e+00,-9.737372398376464844e-03,3.593889996409416199e-04
2.000000000000000000e+00,3.802537918090820312e-03,1.091914251446723938e-03
2.000000000000000000e+00,8.723139762878417969e-04,6.975498050451278687e-03
2.000000000000000000e+00,4.248261451721191406e-03,5.732767283916473389e-03
2.000000000000000000e+00,3.754436969757080078e-03,6.500797346234321594e-03
2.000000000000000000e+00,5.280971527099609375e-05,1.377634704113006592e-03
2.000000000000000000e+00,-7.311105728149414062e-04,2.811889164149761200e-03
2.000000000000000000e+00,6.339251995086669922e-03,-5.504923872649669647e-03
2.000000000000000000e+00,-8.278727531433105469e-03,-8.099842816591262817e-03
2.000000000000000000e+00,-9.453296661376953125e-05,-5.809199530631303787e-03
2.000000000000000000e+00,-5.115509033203125000e-03,-8.304618299007415771e-03
2.000000000000000000e+00,9.791791439056396484e-03,-8.433483541011810303e-03
2.000000000000000000e+00,-8.018970489501953125e-03,-6.613694131374359131e-03
2.000000000000000000e+00,-4.396319389343261719e-03,9.293103590607643127e-03
2.000000000000000000e+00,6.775856018066406250e-03,-7.384438067674636841e-03
2.000000000000000000e+00,6.255567073822021484e-03,7.476368919014930725e-03
2.000000000000000000e+00,5.029439926147460938e-04,-5.500189028680324554e-03
2.000000000000000000e+00,4.543185234069824219e-03,1.905218698084354401e-03
2.000000000000000000e+00,1.400172710418701172e-03,-7.213146425783634186e-03
2.000000000000000000e+00,-2.412199974060058594e-03,-3.005610778927803040e-04
2.000000000000000000e+00,1.828908920288085938e-03,6.948439404368400574e-04
2.000000000000000000e+00,-3.956556320190429688e-04,-1.147212460637092590e-04
2.000000000000000000e+00,7.300794124603271484e-03,-2.577790990471839905e-03
2.000000000000000000e+00,-2.487301826477050781e-03,3.465818241238594055e-03
2.000000000000000000e+00,7.156550884246826172e-03,-6.738308817148208618e-03
2.000000000000000000e+00,-9.873628616333007812e-03,7.400624454021453857e-03
2.000000000000000000e+00,7.694900035858154297e-03,-9.589826688170433044e-03
2.000000000000000000e+00,-1.447081565856933594e-03,-7.324943318963050842e-03
2.000000000000000000e+00,6.474971771240234375e-03,-6.031679920852184296e-03
2.000000000000000000e+00,-1.571416854858398438e-03,-5.504468455910682678e-03
2.000000000000000000e+00,8.956789970397949219e-04,-1.361611299216747284e-03
2.000000000000000000e+00,-3.541588783264160156e-03,-2.747875172644853592e-03
2.000000000000000000e+00,9.890556335449218750e-03,-1.801073551177978516e-03
2.000000000000000000e+00,2.611696720123291016e-03,-6.226162426173686981e-03
2.000000000000000000e+00,2.409696578979492188e-03,-6.288814358413219452e-03
2.000000000000000000e+00,-4.522800445556640625e-03,-5.965430755168199539e-03
2.000000000000000000e+00,2.537488937377929688e-03,5.455545149743556976e-03
2.000000000000000000e+00,-9.288549423217773438e-03,-6.442413199692964554e-03
2.000000000000000000e+00,-9.933590888977050781e-03,5.179221741855144501e-03
2.000000000000000000e+00,-4.308104515075683594e-03,8.053146302700042725e-04
2.000000000000000000e+00,-2.570152282714843750e-04,6.900206208229064941e-04
2.000000000000000000e+00,9.148299694061279297e-03,5.168960429728031158e-03
2.000000000000000000e+00,8.917927742004394531e-03,-2.676195930689573288e-03
2.000000000000000000e+00,7.988989353179931641e-03,1.005443744361400604e-03
2.000000000000000000e+00,6.501913070678710938e-03,-6.761654280126094818e-03
2.000000000000000000e+00,7.867276668548583984e-03,9.001145139336585999e-03
2.000000000000000000e+00,1.961410045623779297e-03,7.998857647180557251e-03
2.000000000000000000e+00,2.807796001434326172e-03,-1.745121553540229797e-03
2.000000000000000000e+00,5.473315715789794922e-03,2.324899658560752869e-03
2.000000000000000000e+00,-7.506728172302246094e-03,-9.803976863622665405e-04
2.000000000000000000e+00,-1.358389854431152344e-03,-4.638303071260452271e-04
2.000000000000000000e+00,-9.232401847839355469e-03,1.314981840550899506e-03
2.000000000000000000e+00,-1.354336738586425781e-03,-5.242663435637950897e-03
2.000000000000000000e+00,-4.570484161376953125e-04,5.487875081598758698e-03
2.000000000000000000e+00,9.578943252563476562e-03,6.755340844392776489e-03
2.000000000000000000e+00,2.158284187316894531e-03,-5.154016893357038498e-03
2.000000000000000000e+00,8.273005485534667969e-03,-3.088667523115873337e-03
2.000000000000000000e+00,-3.757596015930175781e-03,-5.853138864040374756e-04
2.000000000000000000e+00,6.708025932312011719e-03,5.545361898839473724e-03
2.000000000000000000e+00,5.204856395721435547e-03,6.693620234727859497e-03
2.000000000000000000e+00,4.956126213073730469e-03,9.435025975108146667e-03
2.000000000000000000e+00,-6.081938743591308594e-03,1.216525211930274963e-03
2.000000000000000000e+00,4.673838615417480469e-03,2.035201527178287506e-03
2.000000000000000000e+00,8.945763111114501953e-03,-3.125912975519895554e-03
2.000000000000000000e+00,6.799876689910888672e-03,-8.821807801723480225e-03
2.000000000000000000e+00,-1.962184906005859375e-04,-6.848874036222696304e-03
2.000000000000000000e+00,4.478096961975097656e-04,-7.606111466884613037e-03
2.000000000000000000e+00,8.641958236694335938e-03,-2.365894615650177002e-04
2.000000000000000000e+00,-7.020115852355957031e-03,-4.473763518035411835e-03
2.000000000000000000e+00,-3.251314163208007812e-03,-4.391200374811887741e-03
2.000000000000000000e+00,-5.089998245239257812e-03,9.330855682492256165e-04
2.000000000000000000e+00,2.562880516052246094e-03,-2.533233258873224258e-03
2.000000000000000000e+00,-2.832055091857910156e-03,6.544763222336769104e-03
2.000000000000000000e+00,-9.393215179443359375e-03,-9.363682940602302551e-03
2.000000000000000000e+00,-3.721952438354492188e-03,6.198467686772346497e-03
2.000000000000000000e+00,6.274878978729248047e-03,2.625285647809505463e-03
2.000000000000000000e+00,7.565498352050781250e-03,7.645403966307640076e-04
2.000000000000000000e+00,-4.830479621887207031e-03,-1.395999453961849213e-03
2.000000000000000000e+00,-4.988551139831542969e-03,-9.861534461379051208e-03
2.000000000000000000e+00,-4.461288452148437500e-03,8.039426058530807495e-03
2.000000000000000000e+00,-8.147716522216796875e-03,-1.734080724418163300e-03
2.000000000000000000e+00,-5.011320114135742188e-03,3.725844435393810272e-03
2.000000000000000000e+00,1.142621040344238281e-03,-3.942430950701236725e-03
2.000000000000000000e+00,-9.121656417846679688e-03,3.093801438808441162e-03
2.000000000000000000e+00,-2.683162689208984375e-03,5.028699524700641632e-03
2.000000000000000000e+00,-4.369020462036132812e-03,-8.238852024078369141e-03
2.000000000000000000e+00,5.918085575103759766e-03,6.285799667239189148e-03
2.000000000000000000e+00,-7.442474365234375000e-03,9.087385609745979309e-03
2.000000000000000000e+00,-8.699893951416015625e-03,8.306382223963737488e-04
2.000000000000000000e+00,4.483044147491455078e-03,5.870964378118515015e-04
2.000000000000000000e+00,-5.078077316284179688e-03,-5.529464222490787506e-03
2.000000000000000000e+00,7.250785827636718750e-03,-6.474114488810300827e-03
2.000000000000000000e+00,1.063644886016845703e-03,-3.237870987504720688e-03
2.000000000000000000e+00,-5.918502807617187500e-03,3.988728858530521393e-03
2.000000000000000000e+00,5.831360816955566406e-03,-2.119855023920536041e-03
2.000000000000000000e+00,-9.310960769653320312e-03,1.092366874217987061e-03
2.000000000000000000e+00,-9.795188903808593750e-03,8.828418329358100891e-03
2.000000000000000000e+00,6.662011146545410156e-04,2.312625758349895477e-03
2.000000000000000000e+00,-7.395744323730468750e-04,4.871194250881671906e-03
2.000000000000000000e+00,5.741477012634277344e-03,4.695879295468330383e-03
2.000000000000000000e+00,9.199380874633789062e-04,9.939968585968017578e-03
2.000000000000000000e+00,-7.789611816406250000e-03,-7.284898310899734497e-05
2.000000000000000000e+00,-6.717562675476074219e-03,4.708103835582733154e-03
2.000000000000000000e+00,8.294105529785156250e-03,-8.779057301580905914e-03
2.000000000000000000e+00,-4.199624061584472656e-03,7.527220994234085083e-03
2.000000000000000000e+00,-5.351424217224121094e-03,3.264633007347583771e-03
2.000000000000000000e+00,-7.925987243652343750e-03,5.049940198659896851e-03
2.000000000000000000e+00,9.655952453613281250e-03,-4.823362920433282852e-03
2.000000000000000000e+00,4.364669322967529297e-03,-3.138798289000988007e-03
2.000000000000000000e+00,9.885430335998535156e-03,-8.181641809642314911e-03
2.000000000000000000e+00,-4.025459289550781250e-03,-9.828495793044567108e-03
2.000000000000000000e+00,1.123487949371337891e-03,9.081240743398666382e-03
2.000000000000000000e+00,-7.769107818603515625e-03,6.835104897618293762e-03
2.000000000000000000e+00,-4.852771759033203125e-03,-2.471176441758871078e-03
2.000000000000000000e+00,9.688735008239746094e-03,8.024945855140686035e-03
2.000000000000000000e+00,-1.667618751525878906e-03,6.265386939048767090e-03
2.000000000000000000e+00,-6.044626235961914062e-03,-2.320482861250638962e-03
2.000000000000000000e+00,-3.080606460571289062e-03,1.370613463222980499e-03
2.000000000000000000e+00,1.635968685150146484e-03,2.102686092257499695e-03
2.000000000000000000e+00,5.375206470489501953e-03,5.457232706248760223e-03
2.000000000000000000e+00,-1.413583755493164062e-03,4.364454187452793121e-03
2.000000000000000000e+00,-4.763126373291015625e-03,-4.871897399425506592e-03
2.000000000000000000e+00,-2.697467803955078125e-03,-7.166508585214614868e-04
2.000000000000000000e+00,-3.580451011657714844e-03,6.087847054004669189e-03
2.000000000000000000e+00,-6.484627723693847656e-03,8.404882624745368958e-03
2.000000000000000000e+00,7.392764091491699219e-04,-5.334336310625076294e-05
2.000000000000000000e+00,-5.376100540161132812e-03,-8.124037645757198334e-03
2.000000000000000000e+00,-7.791399955749511719e-03,-2.043000422418117523e-03
2.000000000000000000e+00,7.011950016021728516e-03,4.739915952086448669e-03
2.000000000000000000e+00,-4.329323768615722656e-03,-6.512788124382495880e-03
2.000000000000000000e+00,-5.644202232360839844e-03,-7.288319990038871765e-03
2.000000000000000000e+00,-5.664825439453125000e-04,4.923036321997642517e-04
2.000000000000000000e+00,-2.523660659790039062e-04,-1.503510400652885437e-03
2.000000000000000000e+00,-9.365081787109375000e-03,-1.381727866828441620e-03
2.000000000000000000e+00,-1.184701919555664062e-03,-5.619652103632688522e-03
2.000000000000000000e+00,3.791689872741699219e-03,8.908675983548164368e-03
2.000000000000000000e+00,-6.593465805053710938e-03,-5.229087546467781067e-04
2.000000000000000000e+00,5.825936794281005859e-03,2.393934875726699829e-03
2.000000000000000000e+00,-7.348060607910156250e-04,-3.854428417980670929e-03
2.000000000000000000e+00,-8.464455604553222656e-03,5.118777975440025330e-03
2.000000000000000000e+00,-6.315112113952636719e-03,2.086197026073932648e-03
2.000000000000000000e+00,-4.647612571716308594e-03,6.204217672348022461e-03
2.000000000000000000e+00,4.326403141021728516e-03,4.283289425075054169e-03
2.000000000000000000e+00,7.841587066650390625e-03,-9.322865866124629974e-03
2.000000000000000000e+00,6.207108497619628906e-03,9.521460160613059998e-04
2.000000000000000000e+00,-5.838513374328613281e-03,-4.013143479824066162e-04
2.000000000000000000e+00,-1.198649406433105469e-03,8.583534508943557739e-05
2.000000000000000000e+00,-4.148483276367187500e-03,-5.690674763172864914e-03
2.000000000000000000e+00,3.034412860870361328e-03,-5.425277631729841232e-03
2.000000000000000000e+00,5.596280097961425781e-03,9.771555662155151367e-03
2.000000000000000000e+00,-2.791643142700195312e-03,-7.782363798469305038e-03
2.000000000000000000e+00,-8.130192756652832031e-03,1.206951215863227844e-03
2.000000000000000000e+00,7.162153720855712891e-03,2.633733674883842468e-03
2.000000000000000000e+00,5.507469177246093750e-05,7.505444809794425964e-03
2.000000000000000000e+00,-3.301143646240234375e-03,1.692985184490680695e-03
2.000000000000000000e+00,-2.861857414245605469e-03,7.123054936528205872e-03
2.000000000000000000e+00,3.449201583862304688e-03,1.093069091439247131e-03
2.000000000000000000e+00,2.846837043762207031e-03,6.330350413918495178e-03
2.000000000000000000e+00,-7.003784179687500000e-03,-7.906378246843814850e-03
2.000000000000000000e+00,-8.224725723266601562e-03,-9.762141853570938110e-03
2.000000000000000000e+00,4.391133785247802734e-03,8.942460641264915466e-03
2.000000000000000000e+00,9.324729442596435547e-03,-4.683108069002628326e-03
2.000000000000000000e+00,7.953763008117675781e-03,7.696263492107391357e-05
2.000000000000000000e+00,3.623425960540771484e-03,7.799385115504264832e-03
2.000000000000000000e+00,8.685290813446044922e-03,4.687253385782241821e-04
2.000000000000000000e+00,6.583690643310546875e-03,-5.926113110035657883e-03
2.000000000000000000e+00,-3.474473953247070312e-03,-7.905445061624050140e-03
2.000000000000000000e+00,2.570450305938720703e-03,-6.474461406469345093e-05
2.000000000000000000e+00,-5.306005477905273438e-03,-9.863679297268390656e-03
2.000000000000000000e+00,-1.735806465148925781e-03,8.545540273189544678e-03
2.000000000000000000e+00,1.140594482421875000e-03,1.724069006741046906e-03
2.000000000000000000e+00,-2.451300621032714844e-03,-8.830170147120952606e-03
2.000000000000000000e+00,-7.587432861328125000e-03,-3.479551523923873901e-04
2.000000000000000000e+00,9.636580944061279297e-03,3.826059401035308838e-03
2.000000000000000000e+00,-9.104013442993164062e-04,9.072080254554748535e-03
2.000000000000000000e+00,4.818499088287353516e-03,8.954569697380065918e-03
2.000000000000000000e+00,-1.443386077880859375e-03,-8.531091734766960144e-04
2.000000000000000000e+00,9.740173816680908203e-03,-5.708224605768918991e-03
2.000000000000000000e+00,3.790020942687988281e-03,5.951918661594390869e-03
2.000000000000000000e+00,-4.866838455200195312e-03,9.899677708745002747e-03
2.000000000000000000e+00,-4.392743110656738281e-03,-2.343078609555959702e-03
2.000000000000000000e+00,2.862572669982910156e-03,-7.252258248627185822e-03
2.000000000000000000e+00,-3.877639770507812500e-03,6.155414506793022156e-03
2.000000000000000000e+00,-2.216815948486328125e-03,-6.663519889116287231e-05
2.000000000000000000e+00,-6.396532058715820312e-03,-1.696106046438217163e-04
2.000000000000000000e+00,-4.014611244201660156e-03,8.464964106678962708e-03
2.000000000000000000e+00,9.239554405212402344e-03,-1.908759586513042450e-03
2.000000000000000000e+00,9.156048297882080078e-03,-7.763501256704330444e-03
2.000000000000000000e+00,-5.339741706848144531e-03,2.011662349104881287e-03
2.000000000000000000e+00,-5.991697311401367188e-03,4.065604880452156067e-04
2.000000000000000000e+00,2.969026565551757812e-03,-8.896603249013423920e-03
2.000000000000000000e+00,-6.224989891052246094e-03,-1.196421682834625244e-03
2.000000000000000000e+00,1.544356346130371094e-03,7.963446900248527527e-03
2.000000000000000000e+00,1.515328884124755859e-03,1.700763590633869171e-03
2.000000000000000000e+00,-3.785848617553710938e-03,5.278197117149829865e-03
2.000000000000000000e+00,6.677567958831787109e-03,-6.050317082554101944e-03
2.000000000000000000e+00,-1.725673675537109375e-03,3.323193639516830444e-03
2.000000000000000000e+00,1.239418983459472656e-03,-7.362491916865110397e-03
2.000000000000000000e+00,2.471506595611572266e-03,2.002802677452564240e-03
2.000000000000000000e+00,-4.072189331054687500e-03,-5.097412969917058945e-03
2.000000000000000000e+00,7.806062698364257812e-03,-7.168568205088376999e-03
2.000000000000000000e+00,-4.887580871582031250e-06,4.035754129290580750e-03
2.000000000000000000e+00,-1.361489295959472656e-03,6.566178053617477417e-04
2.000000000000000000e+00,-1.811146736145019531e-03,3.704474307596683502e-03
2.000000000000000000e+00,-2.649188041687011719e-03,8.196529000997543335e-03
2.000000000000000000e+00,-4.464268684387207031e-03,-2.400643657892942429e-03
2.000000000000000000e+00,-7.843613624572753906e-03,9.075740352272987366e-03
2.000000000000000000e+00,2.532601356506347656e-03,3.451516851782798767e-03
2.000000000000000000e+00,8.750319480895996094e-03,-1.803308725357055664e-03
2.000000000000000000e+00,6.880044937133789062e-03,-2.611408010125160217e-03
2.000000000000000000e+00,-4.863739013671875000e-05,-7.418955676257610321e-03
2.000000000000000000e+00,9.605944156646728516e-03,3.611384890973567963e-03
2.000000000000000000e+00,9.006202220916748047e-03,6.724203005433082581e-03
2.000000000000000000e+00,9.073257446289062500e-03,6.253721192479133606e-03
2.000000000000000000e+00,5.756437778472900391e-03,9.049588814377784729e-03
2.000000000000000000e+00,1.777350902557373047e-03,6.730806082487106323e-03
2.000000000000000000e+00,6.670713424682617188e-03,-6.238359957933425903e-03
2.000000000000000000e+00,-2.533197402954101562e-03,5.400808528065681458e-03
2.000000000000000000e+00,9.068012237548828125e-03,8.846202865242958069e-03
2.000000000000000000e+00,5.131721496582031250e-03,-2.831916790455579758e-03
2.000000000000000000e+00,6.344318389892578125e-03,-9.476828388869762421e-03
2.000000000000000000e+00,9.088456630706787109e-03,9.245948866009712219e-03
2.000000000000000000e+00,1.276731491088867188e-04,7.657904177904129028e-03
2.000000000000000000e+00,4.494786262512207031e-04,4.419656470417976379e-03
2.000000000000000000e+00,-5.497574806213378906e-03,-4.498880822211503983e-03
2.000000000000000000e+00,3.595709800720214844e-03,-8.905849419534206390e-03
2.000000000000000000e+00,2.753257751464843750e-03,4.038125276565551758e-03
2.000000000000000000e+00,-4.452347755432128906e-03,-9.456611238420009613e-03
2.000000000000000000e+00,2.814590930938720703e-03,3.540285862982273102e-03
2.000000000000000000e+00,-2.786993980407714844e-03,-5.851069465279579163e-03
2.000000000000000000e+00,7.451832294464111328e-03,-1.143821515142917633e-03
2.000000000000000000e+00,-5.341410636901855469e-03,7.158406078815460205e-03
2.000000000000000000e+00,-7.137775421142578125e-03,9.137609973549842834e-03
2.000000000000000000e+00,3.703296184539794922e-03,-9.040078148245811462e-03
2.000000000000000000e+00,3.273248672485351562e-03,-3.250883892178535461e-04
2.000000000000000000e+00,-2.459764480590820312e-03,4.428816027939319611e-03
2.000000000000000000e+00,2.906203269958496094e-03,-9.044214151799678802e-03
2.000000000000000000e+00,-7.787466049194335938e-03,-5.471283104270696640e-03
2.000000000000000000e+00,-2.067685127258300781e-03,5.492172203958034515e-03
2.000000000000000000e+00,7.654964923858642578e-03,5.200308747589588165e-03
2.000000000000000000e+00,1.375794410705566406e-03,-6.984141655266284943e-03
2.000000000000000000e+00,-7.526278495788574219e-03,2.231635153293609619e-03
2.000000000000000000e+00,9.750425815582275391e-03,-6.715173833072185516e-03
2.000000000000000000e+00,-6.677031517028808594e-03,-4.998000804334878922e-03
2.000000000000000000e+00,-8.262395858764648438e-04,-2.142858691513538361e-03
2.000000000000000000e+00,-5.100607872009277344e-03,8.084559813141822815e-03
2.000000000000000000e+00,8.360683917999267578e-03,-3.488999325782060623e-03
2.000000000000000000e+00,5.499720573425292969e-04,-6.745569407939910889e-03
2.000000000000000000e+00,-9.829282760620117188e-03,-9.792204014956951141e-03
2.000000000000000000e+00,-3.458261489868164062e-03,-8.736054413020610809e-03
2.000000000000000000e+00,7.635712623596191406e-03,-8.538897149264812469e-03
2.000000000000000000e+00,-6.411790847778320312e-03,-4.065941553562879562e-03
2.000000000000000000e+00,-9.663462638854980469e-03,-5.102149210870265961e-03
2.000000000000000000e+00,-6.495714187622070312e-03,7.062399759888648987e-03
2.000000000000000000e+00,-7.569789886474609375e-04,-6.549311801791191101e-04
2.000000000000000000e+00,-5.594372749328613281e-03,-3.343761898577213287e-03
2.000000000000000000e+00,1.786470413208007812e-03,-1.651896163821220398e-03
2.000000000000000000e+00,6.941199302673339844e-03,-9.975654073059558868e-03
2.000000000000000000e+00,5.312681198120117188e-03,9.636435657739639282e-03
2.000000000000000000e+00,-6.773829460144042969e-03,-2.287141047418117523e-03
2.000000000000000000e+00,8.827865123748779297e-03,6.813732907176017761e-03
2.000000000000000000e+00,9.326159954071044922e-03,-3.893523011356592178e-03
2.000000000000000000e+00,-8.630990982055664062e-03,7.373055443167686462e-03
2.000000000000000000e+00,-3.380417823791503906e-03,-7.507419213652610779e-03
2.000000000000000000e+00,-7.587075233459472656e-03,3.174245357513427734e-03
2.000000000000000000e+00,-5.471706390380859375e-04,7.253333926200866699e-03
2.000000000000000000e+00,5.358219146728515625e-03,6.510203704237937927e-03
2.000000000000000000e+00,7.300078868865966797e-03,7.943097501993179321e-03
2.000000000000000000e+00,2.319216728210449219e-04,-4.265457391738891602e-03
2.000000000000000000e+00,1.017510890960693359e-03,-8.531436324119567871e-04
2.000000000000000000e+00,-3.332734107971191406e-03,5.391071550548076630e-03
2.000000000000000000e+00,8.442044258117675781e-03,-3.102913964539766312e-03
2.000000000000000000e+00,-6.854534149169921875e-03,6.116524338722229004e-03
2.000000000000000000e+00,-9.742140769958496094e-03,4.642780870199203491e-03
2.000000000000000000e+00,-3.653764724731445312e-04,-3.591990098357200623e-04
2.000000000000000000e+00,-9.431004524230957031e-03,9.119160473346710205e-03
2.000000000000000000e+00,-1.221776008605957031e-03,7.875768467783927917e-03
2.000000000000000000e+00,-3.972887992858886719e-03,-9.796897880733013153e-03
2.000000000000000000e+00,-7.721424102783203125e-03,5.855919793248176575e-03
2.000000000000000000e+00,7.688343524932861328e-03,-8.863326162099838257e-03
2.000000000000000000e+00,-9.704470634460449219e-03,8.846310898661613464e-03
2.000000000000000000e+00,5.622804164886474609e-03,9.409883990883827209e-03
2.000000000000000000e+00,1.194715499877929688e-03,-5.481666419655084610e-03
2.000000000000000000e+00,9.480595588684082031e-03,6.175611168146133423e-03
2.000000000000000000e+00,-4.401683807373046875e-03,6.611995398998260498e-03
2.000000000000000000e+00,-1.126408576965332031e-03,6.729841232299804688e-03
2.000000000000000000e+00,4.747867584228515625e-03,-8.157631382346153259e-03
2.000000000000000000e+00,-6.561040878295898438e-03,9.431811049580574036e-03
2.000000000000000000e+00,3.647446632385253906e-03,4.964577965438365936e-03
2.000000000000000000e+00,3.526866436004638672e-03,-6.806171964854001999e-03
2.000000000000000000e+00,-9.614586830139160156e-03,8.397065103054046631e-03
2.000000000000000000e+00,3.307104110717773438e-03,-8.879084140062332153e-03
2.000000000000000000e+00,5.496382713317871094e-03,-7.192847318947315216e-03
2.000000000000000000e+00,-3.057599067687988281e-03,1.302659511566162109e-03
2.000000000000000000e+00,4.798650741577148438e-03,-8.236541412770748138e-03
2.000000000000000000e+00,-5.952119827270507812e-03,6.158683449029922485e-03
2.000000000000000000e+00,4.067242145538330078e-03,1.800346188247203827e-03
2.000000000000000000e+00,7.449746131896972656e-03,8.475201204419136047e-03
2.000000000000000000e+00,-1.875162124633789062e-04,9.669981896877288818e-03
2.000000000000000000e+00,-1.288175582885742188e-03,-1.317053101956844330e-03
2.000000000000000000e+00,-9.486556053161621094e-03,3.255554474890232086e-03
2.000000000000000000e+00,-3.533363342285156250e-04,-3.327710554003715515e-03
2.000000000000000000e+00,-9.671926498413085938e-03,1.852541230618953705e-03
2.000000000000000000e+00,-8.765101432800292969e-03,-2.849695738404989243e-03
2.000000000000000000e+00,5.323171615600585938e-03,-7.587669882923364639e-03
2.000000000000000000e+00,-5.001544952392578125e-03,-1.184809952974319458e-04
2.000000000000000000e+00,-5.232572555541992188e-03,3.814952448010444641e-03
2.000000000000000000e+00,-3.695487976074218750e-06,6.866011768579483032e-03
2.000000000000000000e+00,3.853678703308105469e-03,3.504856489598751068e-03
2.000000000000000000e+00,-7.486343383789062500e-04,7.877396419644355774e-04
2.000000000000000000e+00,-7.620930671691894531e-03,3.489064984023571014e-03
2.000000000000000000e+00,-1.097798347473144531e-03,-9.336075745522975922e-03
2.000000000000000000e+00,-3.248453140258789062e-04,-6.970845162868499756e-03
2.000000000000000000e+00,-3.770470619201660156e-03,-7.295456714928150177e-03
2.000000000000000000e+00,-1.489400863647460938e-03,8.439928293228149414e-03
2.000000000000000000e+00,6.694495677947998047e-03,9.200716391205787659e-03
2.000000000000000000e+00,3.480553627014160156e-03,-9.037898853421211243e-04
2.000000000000000000e+00,-7.984399795532226562e-03,6.318585947155952454e-03
2.000000000000000000e+00,7.206797599792480469e-04,9.569898247718811035e-03
2.000000000000000000e+00,5.719184875488281250e-03,-1.018332317471504211e-03
2.000000000000000000e+00,-9.844422340393066406e-03,2.871691249310970306e-03
2.000000000000000000e+00,-6.279706954956054688e-03,-7.549775764346122742e-04
2.000000000000000000e+00,7.257103919982910156e-03,4.761558957397937775e-03
2.000000000000000000e+00,5.156517028808593750e-03,-6.630663760006427765e-03
2.000000000000000000e+00,-9.954810142517089844e-03,1.070239581167697906e-03
2.000000000000000000e+00,6.253480911254882812e-03,2.263253554701805115e-03
2.000000000000000000e+00,4.139840602874755859e-03,-5.402154754847288132e-03
2.000000000000000000e+00,-7.903814315795898438e-03,-8.287963457405567169e-03
2.000000000000000000e+00,1.575589179992675781e-03,-3.989507909864187241e-03
2.000000000000000000e+00,3.728032112121582031e-03,-6.262378767132759094e-03
2.000000000000000000e+00,-2.170085906982421875e-03,-5.893222056329250336e-03
2.000000000000000000e+00,8.182287216186523438e-03,-9.768511168658733368e-03
2.000000000000000000e+00,9.303927421569824219e-03,-2.904792781919240952e-03
2.000000000000000000e+00,6.826698780059814453e-03,1.735944300889968872e-03
2.000000000000000000e+00,-9.895205497741699219e-03,-7.542948238551616669e-03
2.000000000000000000e+00,7.596075534820556641e-03,-5.589636508375406265e-03
2.000000000000000000e+00,2.316832542419433594e-04,9.116213768720626831e-03
2.000000000000000000e+00,-9.156465530395507812e-04,3.309786319732666016e-03
2.000000000000000000e+00,9.445965290069580078e-03,6.226714700460433960e-03
2.000000000000000000e+00,-5.569696426391601562e-03,-5.500410683453083038e-03
2.000000000000000000e+00,-1.217246055603027344e-03,2.467343583703041077e-04
2.000000000000000000e+00,-6.479620933532714844e-03,2.379932440817356110e-03
2.000000000000000000e+00,-9.036779403686523438e-03,-4.223436117172241211e-03
2.000000000000000000e+00,9.746551513671875000e-04,-2.792552579194307327e-03
2.000000000000000000e+00,-5.591988563537597656e-03,-5.057847592979669571e-03
2.000000000000000000e+00,-5.279779434204101562e-03,5.032991059124469757e-03
2.000000000000000000e+00,-3.176212310791015625e-03,-5.847457330673933029e-03
2.000000000000000000e+00,-8.414506912231445312e-03,9.829338639974594116e-03
2.000000000000000000e+00,-1.742482185363769531e-03,-3.322679549455642700e-05
2.000000000000000000e+00,1.340985298156738281e-03,-5.510399118065834045e-03
2.000000000000000000e+00,8.946239948272705078e-03,3.574525937438011169e-03
2.000000000000000000e+00,-6.794810295104980469e-03,-5.616267677396535873e-03
2.000000000000000000e+00,-7.615804672241210938e-03,5.740618333220481873e-03
2.000000000000000000e+00,-7.860660552978515625e-04,9.695846587419509888e-03
2.000000000000000000e+00,2.932727336883544922e-03,-3.712931647896766663e-04
2.000000000000000000e+00,-7.463097572326660156e-03,4.403489641845226288e-03
2.000000000000000000e+00,-5.245208740234375000e-03,1.066552475094795227e-03
2.000000000000000000e+00,-7.272601127624511719e-03,-9.863257408142089844e-03
2.000000000000000000e+00,2.083182334899902344e-04,-4.022981971502304077e-03
2.000000000000000000e+00,1.428723335266113281e-03,4.886968992650508881e-03
2.000000000000000000e+00,-8.479118347167968750e-03,6.694328039884567261e-04
2.000000000000000000e+00,2.165377140045166016e-03,-9.169999510049819946e-03
2.000000000000000000e+00,-8.963346481323242188e-03,-5.240915808826684952e-03
2.000000000000000000e+00,-2.278923988342285156e-03,-1.799148507416248322e-03
2.000000000000000000e+00,3.176569938659667969e-03,-9.480099193751811981e-03
2.000000000000000000e+00,1.867353916168212891e-03,2.313225530087947845e-03
2.000000000000000000e+00,-9.748578071594238281e-03,2.211271785199642181e-03
2.000000000000000000e+00,7.568478584289550781e-03,-8.228544145822525024e-03
2.000000000000000000e+00,6.934165954589843750e-03,1.332998275756835938e-03
2.000000000000000000e+00,-6.659030914306640625e-03,6.788596510887145996e-03
2.000000000000000000e+00,-6.194114685058593750e-03,8.344024419784545898e-03
2.000000000000000000e+00,4.222989082336425781e-03,-9.247733280062675476e-03
2.000000000000000000e+00,6.788611412048339844e-03,-7.959681563079357147e-03
2.000000000000000000e+00,6.769180297851562500e-03,-5.655420944094657898e-03
2.000000000000000000e+00,-3.718137741088867188e-04,4.936597310006618500e-03
2.000000000000000000e+00,3.759860992431640625e-04,5.559022538363933563e-03
2.000000000000000000e+00,-1.872777938842773438e-03,-3.363313619047403336e-03
2.000000000000000000e+00,7.761180400848388672e-03,-3.536310046911239624e-03
2.000000000000000000e+00,8.866608142852783203e-03,7.689908146858215332e-03
2.000000000000000000e+00,1.637160778045654297e-03,5.080185830593109131e-03
2.000000000000000000e+00,-7.153749465942382812e-04,8.895443752408027649e-03
2.000000000000000000e+00,2.066850662231445312e-03,-6.646784488111734390e-03
2.000000000000000000e+00,-5.658268928527832031e-03,-8.407510817050933838e-03
2.000000000000000000e+00,-4.017114639282226562e-03,-9.563775733113288879e-03
2.000000000000000000e+00,-2.468466758728027344e-03,-2.050905488431453705e-03
2.000000000000000000e+00,3.342628479003906250e-04,1.635663211345672607e-04
2.000000000000000000e+00,1.614332199096679688e-03,-2.650176174938678741e-03
2.000000000000000000e+00,-1.389622688293457031e-03,7.770607247948646545e-03
2.000000000000000000e+00,-6.298899650573730469e-03,-2.800377551466226578e-03
2.000000000000000000e+00,2.802014350891113281e-04,3.001851961016654968e-03
2.000000000000000000e+00,-1.152753829956054688e-03,-6.323512643575668335e-03
2.000000000000000000e+00,5.240738391876220703e-03,-2.333704382181167603e-03
2.000000000000000000e+00,6.583094596862792969e-03,-8.881747722625732422e-03
