2.211356639862060547e+00,-1.421097517013549805e-01,1.349880248308181763e-01
5.202656388282775879e-01,6.171984672546386719e-01,1.177564859390258789e+00
3.012674152851104736e-01,8.838422298431396484e-01,2.103997707366943359e+00
8.519738316535949707e-01,6.069318652153015137e-01,-9.232367277145385742e-01
1.192108988761901855e+00,4.158105850219726562e-01,-6.742373704910278320e-01
1.364254474639892578e+00,3.517910242080688477e-01,-6.897886395454406738e-01
9.783881306648254395e-01,3.793090581893920898e-01,-8.430402278900146484e-01
2.273469448089599609e+00,-1.898372173309326172e-01,-2.887230925261974335e-02
1.024797201156616211e+00,5.756340622901916504e-01,-1.248046994209289551e+00
7.853240966796875000e-01,6.486791372299194336e-01,-8.831164240837097168e-01
2.130246877670288086e+00,-1.430904865264892578e-01,1.707346737384796143e-01
1.705267071723937988e+00,-8.788013458251953125e-02,2.178555876016616821e-01
2.330793142318725586e+00,-2.211415767669677734e-02,1.725271493196487427e-01
2.242484569549560547e+00,-1.086068153381347656e-01,-6.366582214832305908e-02
1.403181195259094238e+00,1.735112667083740234e-01,-3.720255792140960693e-01
1.681772351264953613e+00,2.613235712051391602e-01,-4.233088493347167969e-01
7.015451192855834961e-01,6.502388715744018555e-01,-1.145591855049133301e+00
7.082656025886535645e-01,6.275973320007324219e-01,-9.793729186058044434e-01
6.877576708793640137e-01,5.888189077377319336e-01,-1.044278264045715332e+00
1.689836621284484863e+00,2.213747501373291016e-01,-5.656516551971435547e-01
7.632327079772949219e-01,5.866078138351440430e-01,-1.067725419998168945e+00
2.596587419509887695e+00,-1.115134954452514648e-01,1.049603056162595749e-02
1.853820919990539551e+00,-3.036904335021972656e-02,-4.377178549766540527e-01
2.194795608520507812e+00,2.624356746673583984e-02,1.518089771270751953e-01
2.231769561767578125e+00,-1.782459020614624023e-01,-1.629956960678100586e-01
1.144406676292419434e+00,3.280003666877746582e-01,6.079589128494262695e-01
9.232600927352905273e-01,3.437021374702453613e-01,-7.594284415245056152e-01
1.602325558662414551e+00,1.440157294273376465e-01,-3.086857497692108154e-01
2.063845872879028320e+00,-1.239050626754760742e-01,9.075662493705749512e-02
6.666419506072998047e-01,5.256754159927368164e-01,8.659981489181518555e-01
1.174995660781860352e+00,3.231704235076904297e-01,-8.162947893142700195e-01
1.788226485252380371e+00,1.385195851325988770e-01,-2.420296967029571533e-01
1.973512768745422363e+00,1.044054627418518066e-01,-2.387854754924774170e-01
6.935045123100280762e-01,5.769540071487426758e-01,1.328713297843933105e+00
2.351371526718139648e+00,9.770071506500244141e-02,-2.719556689262390137e-01
1.019023895263671875e+00,5.922580957412719727e-01,-9.701204299926757812e-01
9.570184946060180664e-01,5.400364995002746582e-01,-7.904692292213439941e-01
6.847221255302429199e-01,6.538400650024414062e-01,-1.056391954421997070e+00
6.619429588317871094e-01,5.823546051979064941e-01,-1.000618457794189453e+00
1.691053509712219238e+00,9.156823158264160156e-02,2.453438192605972290e-01
1.612389326095581055e+00,1.590968370437622070e-01,-4.214497804641723633e-01
7.882241010665893555e-01,6.040486693382263184e-01,1.010254859924316406e+00
1.845971584320068359e+00,9.680849313735961914e-02,2.049866020679473877e-01
5.192788243293762207e-01,6.771413087844848633e-01,1.181657195091247559e+00
1.530355453491210938e+00,4.149758815765380859e-02,1.334021389484405518e-01
1.684669256210327148e+00,-6.497740745544433594e-02,2.429625391960144043e-01
2.084860801696777344e+00,-1.404638290405273438e-01,1.272775083780288696e-01
3.351182699203491211e+00,-2.108771800994873047e-01,-1.924872025847434998e-02
1.683902859687805176e+00,-1.675891876220703125e-02,4.343407750129699707e-01
1.579700231552124023e+00,2.769821286201477051e-01,-4.153556227684020996e-01
1.594619393348693848e+00,3.685575127601623535e-01,-4.853391051292419434e-01
1.725798726081848145e+00,1.516377329826354980e-01,1.382936239242553711e-01
1.874473214149475098e+00,1.046105027198791504e-01,-2.024889886379241943e-01
1.096642613410949707e+00,4.072740674018859863e-01,-5.516240000724792480e-01
5.280938744544982910e-01,7.064507007598876953e-01,1.175326108932495117e+00
2.234969139099121094e+00,-2.129554748535156250e-03,8.531283587217330933e-02
2.562415599822998047e+00,-1.117953062057495117e-01,4.510306566953659058e-02
1.251683235168457031e+00,3.275857567787170410e-01,-5.964562296867370605e-01
2.146083354949951172e+00,-6.529319286346435547e-02,-7.608214020729064941e-02
9.871137738227844238e-01,5.057628154754638672e-01,-7.024185657501220703e-01
2.002546548843383789e+00,-2.234864234924316406e-02,1.387583017349243164e-01
5.252190828323364258e-01,7.406705617904663086e-01,-1.315261721611022949e+00
2.658356904983520508e+00,-2.324817180633544922e-01,-5.360725335776805878e-03
1.723217368125915527e+00,1.497362852096557617e-01,-3.707459270954132080e-01
2.218674182891845703e+00,-2.553462982177734375e-02,-5.658126249909400940e-02
1.858711123466491699e+00,5.005896091461181641e-03,2.553989291191101074e-01
1.712981343269348145e+00,4.988414049148559570e-02,3.420096635818481445e-01
1.361252903938293457e+00,3.216059803962707520e-01,-8.314874172210693359e-01
2.643190920352935791e-01,8.819621205329895020e-01,-1.864754438400268555e+00
1.575680255889892578e+00,-3.530716896057128906e-02,3.629503846168518066e-01
1.021073937416076660e+00,4.551447629928588867e-01,-6.316494345664978027e-01
1.462250947952270508e+00,2.121061682701110840e-01,3.517146408557891846e-01
4.864452481269836426e-01,7.396385669708251953e-01,-1.533972382545471191e+00
1.919939517974853516e+00,2.734911441802978516e-02,-2.395666539669036865e-01
1.792848944664001465e+00,7.890784740447998047e-02,2.619820833206176758e-01
2.336475133895874023e+00,-1.017850637435913086e-01,3.362225294113159180e-01
1.097156167030334473e+00,4.005057215690612793e-01,-7.204851508140563965e-01
2.289391756057739258e+00,3.055530190467834473e-01,1.588319242000579834e-01
1.450884580612182617e+00,3.016847968101501465e-01,-5.009470582008361816e-01
1.978500723838806152e+00,1.333951950073242188e-04,-1.871424764394760132e-01
7.301145792007446289e-01,5.815033912658691406e-01,-1.255238771438598633e+00
1.129420042037963867e+00,3.713622093200683594e-01,-5.910627841949462891e-01
2.012158393859863281e+00,1.927785873413085938e-01,-6.377114355564117432e-02
2.822932958602905273e+00,-1.948159933090209961e-01,7.087974227033555508e-04
2.316823959350585938e+00,-1.136143207550048828e-01,-8.562642335891723633e-02
2.245554447174072266e+00,7.272851467132568359e-02,-2.187188118696212769e-01
1.892172217369079590e+00,5.678427219390869141e-02,-3.172042667865753174e-01
1.804012060165405273e+00,1.058341264724731445e-01,2.047391235828399658e-01
7.669884562492370605e-01,5.969961881637573242e-01,-9.419512152671813965e-01
1.360295057296752930e+00,3.820666074752807617e-01,-4.539557099342346191e-01
5.651952028274536133e-01,7.037558555603027344e-01,-1.087954640388488770e+00
1.677887320518493652e+00,2.233929038047790527e-01,2.076719142496585846e-02
2.542112350463867188e+00,1.535419821739196777e-01,3.292829915881156921e-02
2.454879283905029297e+00,-8.660733699798583984e-02,-3.634850680828094482e-02
2.604371309280395508e+00,-1.318614482879638672e-01,-8.879145607352256775e-04
6.275106072425842285e-01,5.471534132957458496e-01,-1.119242668151855469e+00
5.837957262992858887e-01,7.687197923660278320e-01,-1.369292259216308594e+00
2.135169267654418945e+00,-1.380658149719238281e-02,3.468372225761413574e-01
2.070583820343017578e+00,7.032048702239990234e-02,2.461168467998504639e-01
1.285929918289184570e+00,3.797300457954406738e-01,-5.437192916870117188e-01
2.267431497573852539e+00,-1.553738117218017578e-01,-1.086210086941719055e-01
2.264852523803710938e+00,9.617966413497924805e-02,-7.324858009815216064e-02
8.303525447845458984e-01,2.709577679634094238e-01,-7.016807198524475098e-01
6.603240370750427246e-01,6.030733585357666016e-01,1.252307295799255371e+00
1.081818938255310059e+00,4.308221340179443359e-01,-7.439391016960144043e-01
9.749860167503356934e-01,5.720577239990234375e-01,7.412979602813720703e-01
2.037836313247680664e+00,2.404107451438903809e-01,1.213722601532936096e-01
1.838796019554138184e+00,8.242219686508178711e-02,1.632947921752929688e-01
7.945157289505004883e-01,5.967903137207031250e-01,9.757893085479736328e-01
6.111233830451965332e-01,6.585874557495117188e-01,-1.333994984626770020e+00
1.728543043136596680e+00,2.160660028457641602e-01,1.891526728868484497e-01
2.024853467941284180e+00,2.119404077529907227e-02,-1.066523194313049316e-01
2.680467844009399414e+00,-1.386703252792358398e-01,-3.129678592085838318e-02
1.628070592880249023e+00,-6.334042549133300781e-02,6.371784806251525879e-01
2.091150045394897461e+00,-1.566809415817260742e-01,2.291039228439331055e-01
1.438412308692932129e+00,2.999562621116638184e-01,-3.890019059181213379e-01
7.444207072257995605e-01,4.174775481224060059e-01,-1.003905653953552246e+00
1.928322196006774902e+00,5.944025516510009766e-02,5.732893198728561401e-02
2.108734607696533203e+00,2.005004882812500000e-02,-1.327880173921585083e-01
2.573941946029663086e+00,-8.697545528411865234e-02,-7.857205718755722046e-02
2.374255657196044922e+00,1.715010404586791992e-02,-3.198357671499252319e-02
2.432477712631225586e+00,-1.116516590118408203e-01,-2.786194160580635071e-02
2.130563259124755859e+00,-1.364033222198486328e-01,1.038951277732849121e-01
4.890680611133575439e-01,6.661212444305419922e-01,-1.164951801300048828e+00
1.513494968414306641e+00,1.151957511901855469e-01,-3.622087240219116211e-01
1.325809240341186523e+00,3.005906343460083008e-01,-4.063110351562500000e-01
1.018778562545776367e+00,5.888780355453491211e-01,5.004338026046752930e-01
8.585661053657531738e-01,5.653576850891113281e-01,-8.530883789062500000e-01
1.098912835121154785e+00,3.969158530235290527e-01,-6.377087831497192383e-01
1.946188449859619141e+00,-1.886284351348876953e-02,9.402889758348464966e-02
1.649432182312011719e+00,-1.691863536834716797e-01,4.010896086692810059e-01
2.304420709609985352e+00,1.161581277847290039e-01,4.369700793176889420e-03
2.197030782699584961e+00,6.743359565734863281e-02,-2.580682337284088135e-01
6.717449426651000977e-01,6.329963207244873047e-01,-1.226585865020751953e+00
2.366374731063842773e+00,1.019095778465270996e-01,-2.700317502021789551e-01
1.431603670120239258e+00,2.290463447570800781e-01,-4.506366252899169922e-01
1.941120505332946777e+00,2.415581941604614258e-01,-4.076331853866577148e-01
2.200285434722900391e+00,9.056270122528076172e-02,-8.014298230409622192e-02
2.170231342315673828e+00,1.085650324821472168e-01,3.815515711903572083e-02
2.172654867172241211e+00,1.886039972305297852e-02,5.328699201345443726e-02
2.036393642425537109e+00,1.924771070480346680e-02,-2.634388506412506104e-01
1.483786344528198242e+00,1.551935076713562012e-01,-3.863795697689056396e-01
7.607765197753906250e-01,6.073186397552490234e-01,1.032420873641967773e+00
1.350389122962951660e+00,2.097086310386657715e-01,-5.076502561569213867e-01
1.973071336746215820e+00,3.147703409194946289e-02,-7.892290013842284679e-04
2.473410129547119141e+00,-8.251595497131347656e-02,5.517492815852165222e-02
2.125373601913452148e+00,8.152163028717041016e-02,-7.878104597330093384e-02
2.572378873825073242e+00,-1.825748682022094727e-01,-4.778122529387474060e-02
7.754641175270080566e-01,6.054990887641906738e-01,-8.007540702819824219e-01
1.578464388847351074e+00,3.160778880119323730e-01,-4.299567341804504395e-01
9.316904544830322266e-01,4.626362323760986328e-01,-6.764459609985351562e-01
1.724650502204895020e+00,8.369475603103637695e-02,-2.191024720668792725e-01
2.630618810653686523e+00,-2.031954526901245117e-01,2.106904387474060059e-01
6.255630850791931152e-01,6.895242929458618164e-01,-1.130683064460754395e+00
1.286445498466491699e+00,8.536660671234130859e-02,3.699183762073516846e-01
1.816780090332031250e+00,8.567923307418823242e-02,2.119653224945068359e-01
2.197609424591064453e+00,1.592699289321899414e-01,6.307975947856903076e-02
1.859624266624450684e+00,9.715300798416137695e-02,-1.534905433654785156e-01
2.073657751083374023e+00,1.843774318695068359e-01,2.949055656790733337e-02
8.481925725936889648e-01,3.400071859359741211e-01,-8.572523593902587891e-01
2.255622148513793945e+00,-1.413207054138183594e-01,1.122241839766502380e-01
2.103314161300659180e+00,-1.089756488800048828e-01,8.683580160140991211e-02
1.777178645133972168e+00,-1.985585689544677734e-02,-2.970200479030609131e-01
1.598513960838317871e+00,2.107268571853637695e-01,-4.410676658153533936e-01
9.583574533462524414e-01,5.445742607116699219e-01,-7.227083444595336914e-01
1.096583247184753418e+00,3.260887861251831055e-01,-5.153915286064147949e-01
1.607829332351684570e+00,1.895655989646911621e-01,1.549351066350936890e-01
2.528542518615722656e+00,-7.269382476806640625e-03,1.364803127944469452e-02
2.361246347427368164e+00,6.089228391647338867e-02,-9.521542489528656006e-02
1.574672937393188477e+00,2.145396471023559570e-01,-2.323313951492309570e-01
2.150952100753784180e+00,-2.203810214996337891e-02,1.372592300176620483e-01
1.674370884895324707e+00,1.006363034248352051e-01,-2.122782766819000244e-01
7.009409070014953613e-01,6.611111760139465332e-01,-1.749605894088745117e+00
8.636668920516967773e-01,5.836253166198730469e-01,-7.617713212966918945e-01
9.885212779045104980e-01,4.382678270339965820e-01,-9.735225439071655273e-01
1.959388732910156250e+00,-2.353062629699707031e-01,-9.501287341117858887e-02
5.707125067710876465e-01,7.312082052230834961e-01,-1.235440492630004883e+00
1.675206542015075684e+00,2.217384576797485352e-01,-3.666809797286987305e-01
7.664830088615417480e-01,5.676715373992919922e-01,1.025728344917297363e+00
1.946193814277648926e+00,5.979210138320922852e-02,-1.058884933590888977e-01
1.674147486686706543e+00,1.361573934555053711e-01,4.680278003215789795e-01
2.791326999664306641e+00,-1.075673103332519531e-02,-8.528374880552291870e-02
5.358050465583801270e-01,6.986012458801269531e-01,-1.348881244659423828e+00
2.011965990066528320e+00,2.269918322563171387e-01,-2.437191009521484375e-01
1.162049770355224609e+00,3.798090815544128418e-01,-7.555705904960632324e-01
1.924604415893554688e+00,-1.399314403533935547e-02,2.724017202854156494e-01
2.550809383392333984e+00,-9.096157550811767578e-02,-8.748160302639007568e-02
1.242518067359924316e+00,3.601433634757995605e-01,-6.234587430953979492e-01
2.540369510650634766e+00,-1.249712705612182617e-01,-7.685610651969909668e-02
1.273372650146484375e+00,3.139786124229431152e-01,-5.696907043457031250e-01
1.421924233436584473e+00,1.734223365783691406e-01,1.211495175957679749e-01
1.989350914955139160e+00,2.621293663978576660e-01,-2.099384963512420654e-01
1.133637785911560059e+00,3.659532070159912109e-01,-6.000717878341674805e-01
2.048114776611328125e+00,3.353351354598999023e-02,-1.285115927457809448e-01
2.912281513214111328e+00,-2.131955623626708984e-01,-1.546936668455600739e-02
6.594271063804626465e-01,6.839587688446044922e-01,-1.108114004135131836e+00
1.932556509971618652e+00,-1.630322933197021484e-01,1.803946644067764282e-01
1.596348881721496582e+00,1.230669617652893066e-01,-3.316734433174133301e-01
8.611486554145812988e-01,5.565401911735534668e-01,-7.855870127677917480e-01
1.601126432418823242e+00,1.536423563957214355e-01,-2.569066584110260010e-01
1.704090356826782227e+00,1.439608335494995117e-01,-3.957050740718841553e-01
1.575663566589355469e+00,1.601068973541259766e-01,-3.854517340660095215e-01
9.598762392997741699e-01,6.677664518356323242e-01,7.220764756202697754e-01
2.403813600540161133e+00,-6.292593479156494141e-02,7.865693420171737671e-02
2.524080276489257812e+00,-1.571646928787231445e-01,9.837299585342407227e-03
1.599723339080810547e+00,4.204803109169006348e-01,9.579297155141830444e-02
1.389676213264465332e+00,4.062249064445495605e-01,3.892216384410858154e-01
1.758910298347473145e+00,1.550559997558593750e-01,-4.223103225231170654e-01
1.320386767387390137e+00,3.053566813468933105e-01,-6.227717399597167969e-01
1.212987542152404785e+00,4.767356514930725098e-01,-5.995501279830932617e-01
3.319586515426635742e-01,8.631869554519653320e-01,1.395138740539550781e+00
1.145702362060546875e+00,4.266093969345092773e-01,-8.076367378234863281e-01
8.845269083976745605e-01,4.515415430068969727e-01,8.607223033905029297e-01
1.415949702262878418e+00,2.426936626434326172e-01,-3.291595578193664551e-01
1.544743180274963379e+00,2.453505396842956543e-01,-3.804998397827148438e-01
1.149770498275756836e+00,4.671168327331542969e-01,6.361438035964965820e-01
4.227936267852783203e-01,5.815480351448059082e-01,-1.298746585845947266e+00
1.590637564659118652e+00,2.609449625015258789e-01,-4.696747958660125732e-01
1.945845365524291992e+00,1.865770220756530762e-01,-1.988685876131057739e-01
1.903740286827087402e+00,4.973155260086059570e-02,-1.568891555070877075e-01
2.776574850082397461e+00,-1.900080442428588867e-01,1.832767762243747711e-02
2.336207389831542969e+00,-2.579141855239868164e-01,2.123526036739349365e-01
1.015705466270446777e+00,4.239805340766906738e-01,-8.495225310325622559e-01
5.888392925262451172e-01,7.384022474288940430e-01,1.046082973480224609e+00
5.631592869758605957e-01,6.151750087738037109e-01,-1.170032143592834473e+00
2.195277214050292969e+00,-7.292127609252929688e-02,2.545136958360671997e-02
6.951985359191894531e-01,6.715286374092102051e-01,-1.074474811553955078e+00
2.256200551986694336e+00,-1.509974002838134766e-01,2.346038818359375000e-02
1.658279538154602051e+00,2.851616144180297852e-01,-1.664984375238418579e-01
1.761334180831909180e+00,-1.431293487548828125e-01,5.060672014951705933e-02
2.654356241226196289e+00,-1.733897924423217773e-01,5.578972026705741882e-02
1.958218336105346680e+00,3.428256511688232422e-02,1.062657088041305542e-01
2.296997785568237305e+00,-1.399295330047607422e-01,2.733677029609680176e-01
2.134457826614379883e+00,-1.320360898971557617e-01,1.886793226003646851e-01
2.089758872985839844e+00,-1.421333551406860352e-01,2.009138911962509155e-01
3.528877794742584229e-01,8.097040653228759766e-01,-1.524898171424865723e+00
1.007526516914367676e+00,4.271447658538818359e-01,-8.380408883094787598e-01
2.114359855651855469e+00,-1.995921134948730469e-03,-1.602987796068191528e-01
1.182053923606872559e+00,3.968841433525085449e-01,-7.984483838081359863e-01
1.906648874282836914e+00,2.838796377182006836e-02,5.049560964107513428e-02
1.570342183113098145e+00,1.993026137351989746e-01,-3.998261094093322754e-01
1.405295014381408691e+00,1.990978121757507324e-01,3.320210576057434082e-01
2.259267330169677734e+00,-3.057670593261718750e-02,-1.172797475010156631e-02
1.495504379272460938e+00,4.397658109664916992e-01,-1.044612288475036621e+00
1.356648325920104980e+00,2.273835539817810059e-01,-6.236530542373657227e-01
1.541099786758422852e+00,4.235876798629760742e-01,2.167173624038696289e-01
4.133616089820861816e-01,7.607277035713195801e-01,-1.616286158561706543e+00
1.474235892295837402e+00,2.347536087036132812e-01,-4.703710675239562988e-01
1.670580983161926270e+00,-1.448204517364501953e-01,4.071193039417266846e-01
1.441771030426025391e+00,3.186975121498107910e-01,-5.676938295364379883e-01
2.433372020721435547e+00,-1.480876207351684570e-01,-1.051349192857742310e-01
2.450521469116210938e+00,-1.438786983489990234e-01,4.242198541760444641e-02
7.106826305389404297e-01,6.563385725021362305e-01,-9.296110868453979492e-01
2.148800849914550781e+00,-1.988073587417602539e-01,-1.049210354685783386e-01
4.583708047866821289e-01,7.832454442977905273e-01,-1.366054058074951172e+00
1.075081110000610352e+00,5.523073077201843262e-01,6.409054398536682129e-01
2.219863891601562500e+00,-8.553934097290039062e-02,5.622148513793945312e-02
5.142136812210083008e-01,6.236439943313598633e-01,1.185970425605773926e+00
2.926044166088104248e-01,8.871588110923767090e-01,2.132843732833862305e+00
8.221784830093383789e-01,6.178585290908813477e-01,-9.552107453346252441e-01
1.152588367462158203e+00,4.243094921112060547e-01,-6.994444131851196289e-01
1.359453797340393066e+00,3.519662022590637207e-01,-6.907904148101806641e-01
1.028597235679626465e+00,3.408157229423522949e-01,-7.975837588310241699e-01
2.247872829437255859e+00,-1.879503726959228516e-01,-2.394557558000087738e-02
9.827023744583129883e-01,5.863252878189086914e-01,-1.231332778930664062e+00
7.556763887405395508e-01,6.621518135070800781e-01,-9.216781854629516602e-01
2.169265031814575195e+00,-1.442377567291259766e-01,1.627814769744873047e-01
1.692929863929748535e+00,-9.814059734344482422e-02,2.235802859067916870e-01
2.305096387863159180e+00,4.521429538726806641e-03,1.723761707544326782e-01
2.239001989364624023e+00,-1.095383167266845703e-01,-5.860617011785507202e-02
1.399992346763610840e+00,1.714869737625122070e-01,-3.726410865783691406e-01
1.635006666183471680e+00,2.703473567962646484e-01,-4.360936880111694336e-01
6.930897235870361328e-01,6.562822461128234863e-01,-1.158116102218627930e+00
6.445035338401794434e-01,6.615298986434936523e-01,-1.082590937614440918e+00
6.154360771179199219e-01,6.321876049041748047e-01,-1.128075957298278809e+00
1.713125109672546387e+00,2.220584750175476074e-01,-5.582672953605651855e-01
7.612813115119934082e-01,5.889910459518432617e-01,-1.070680260658264160e+00
2.591713905334472656e+00,-1.270292997360229492e-01,4.124915692955255508e-03
1.865753412246704102e+00,-2.873504161834716797e-02,-4.394700229167938232e-01
2.171617031097412109e+00,2.510172128677368164e-02,1.638563722372055054e-01
2.241445302963256836e+00,-1.651737689971923828e-01,-1.685125082731246948e-01
1.148070335388183594e+00,3.207046389579772949e-01,6.059615612030029297e-01
9.160411357879638672e-01,3.375506401062011719e-01,-7.613077759742736816e-01
2.004730224609375000e+00,5.436480045318603516e-03,-2.355640977621078491e-01
2.061039924621582031e+00,-1.255624294281005859e-01,9.194115549325942993e-02
8.081922531127929688e-01,4.248888492584228516e-01,6.608668565750122070e-01
1.179479360580444336e+00,3.237870335578918457e-01,-8.146775364875793457e-01
1.788421750068664551e+00,1.382171511650085449e-01,-2.446846812963485718e-01
1.969853281974792480e+00,1.032047271728515625e-01,-2.318709045648574829e-01
6.975049972534179688e-01,5.738139152526855469e-01,1.314997911453247070e+00
2.348304033279418945e+00,7.486093044281005859e-02,-2.581017315387725830e-01
1.033670902252197266e+00,5.849598646163940430e-01,-9.659321308135986328e-01
1.030895948410034180e+00,5.077424049377441406e-01,-7.290468215942382812e-01
6.901116371154785156e-01,6.453398466110229492e-01,-1.041638612747192383e+00
6.537405848503112793e-01,5.873210430145263672e-01,-1.018959879875183105e+00
1.695448279380798340e+00,8.802437782287597656e-02,2.425550073385238647e-01
1.629755735397338867e+00,1.749657988548278809e-01,-4.160690605640411377e-01
7.457610964775085449e-01,6.253156661987304688e-01,1.073369145393371582e+00
1.846864461898803711e+00,9.104496240615844727e-02,2.011587023735046387e-01
4.963694810867309570e-01,6.914131641387939453e-01,1.206407070159912109e+00
1.499648213386535645e+00,7.025927305221557617e-02,1.497801244258880615e-01
1.679325580596923828e+00,-6.265759468078613281e-02,2.537790536880493164e-01
2.079539060592651367e+00,-1.429538726806640625e-01,1.301391571760177612e-01
3.253538370132446289e+00,-4.171975851058959961e-01,3.785847919061779976e-03
1.661567211151123047e+00,-2.474129199981689453e-02,4.474072158336639404e-01
1.573447108268737793e+00,2.781896591186523438e-01,-4.184219539165496826e-01
1.649824976921081543e+00,3.484733104705810547e-01,-4.713890850543975830e-01
1.753879427909851074e+00,1.469174623489379883e-01,1.309844851493835449e-01
1.904754638671875000e+00,8.338642120361328125e-02,-1.889816224575042725e-01
1.085885763168334961e+00,4.125288128852844238e-01,-5.591595768928527832e-01
5.445472002029418945e-01,6.924638748168945312e-01,1.143392443656921387e+00
2.284668684005737305e+00,-1.430511474609375000e-06,6.867379695177078247e-02
2.462744951248168945e+00,-1.114579439163208008e-01,6.326988339424133301e-02
1.258631348609924316e+00,3.137133121490478516e-01,-6.055926084518432617e-01
2.446154594421386719e+00,-1.076856851577758789e-01,-6.385528296232223511e-02
8.648011088371276855e-01,5.617935061454772949e-01,-8.184014558792114258e-01
2.083545923233032227e+00,-4.228019714355468750e-02,1.347562670707702637e-01
4.892380535602569580e-01,7.587060928344726562e-01,-1.369575500488281250e+00
2.645553588867187500e+00,-2.387312650680541992e-01,-4.745817859657108784e-04
1.736486196517944336e+00,1.477411985397338867e-01,-3.668965995311737061e-01
2.301968097686767578e+00,4.927337169647216797e-03,-3.589363768696784973e-02
1.854176640510559082e+00,5.173265933990478516e-03,2.573934495449066162e-01
1.657691597938537598e+00,5.271440744400024414e-02,3.547265529632568359e-01
1.348356485366821289e+00,3.189541697502136230e-01,-8.375825881958007812e-01
2.866973578929901123e-01,8.732183575630187988e-01,-1.788968920707702637e+00
1.575100064277648926e+00,-2.113890647888183594e-02,3.497370183467864990e-01
1.135505795478820801e+00,3.989011645317077637e-01,-5.766775012016296387e-01
1.461863398551940918e+00,2.180495262145996094e-01,3.573724329471588135e-01
4.985824823379516602e-01,7.364434003829956055e-01,-1.501462817192077637e+00
1.918671131134033203e+00,2.666902542114257812e-02,-2.378804981708526611e-01
1.752796053886413574e+00,8.937197923660278320e-02,2.753978967666625977e-01
2.354447364807128906e+00,-8.994352817535400391e-02,3.388424813747406006e-01
1.120320439338684082e+00,4.152109026908874512e-01,-7.068204879760742188e-01
2.441730260848999023e+00,2.105567455291748047e-01,7.284398376941680908e-02
1.433630228042602539e+00,3.071177005767822266e-01,-5.065914392471313477e-01
2.065544128417968750e+00,9.064823389053344727e-02,-1.638454347848892212e-01
6.909113526344299316e-01,5.730211734771728516e-01,-1.270627379417419434e+00
1.249895334243774414e+00,3.338341712951660156e-01,-5.179445147514343262e-01
1.989354133605957031e+00,1.761941909790039062e-01,-5.919468030333518982e-02
2.749850988388061523e+00,-1.899235248565673828e-01,8.158254437148571014e-03
2.327674150466918945e+00,-6.506466865539550781e-02,-1.063250824809074402e-01
2.304531812667846680e+00,5.307626724243164062e-02,-2.429964840412139893e-01
1.929575800895690918e+00,6.616979837417602539e-02,-3.138794302940368652e-01
1.793840527534484863e+00,9.267461299896240234e-02,2.106314003467559814e-01
7.267975807189941406e-01,6.103603839874267578e-01,-9.956274628639221191e-01
1.357832551002502441e+00,3.822976946830749512e-01,-4.552259147167205811e-01
5.822774171829223633e-01,6.884951591491699219e-01,-1.058980584144592285e+00
2.002313375473022461e+00,-2.393722534179687500e-03,1.006386149674654007e-02
2.524842977523803711e+00,1.244657039642333984e-01,5.977781116962432861e-02
2.474244594573974609e+00,-9.197998046875000000e-02,-2.852775715291500092e-02
2.652068614959716797e+00,-1.337863206863403320e-01,-3.210108261555433273e-03
6.264188885688781738e-01,5.461044311523437500e-01,-1.115602135658264160e+00
6.565714478492736816e-01,7.360852360725402832e-01,-1.267436385154724121e+00
2.102056026458740234e+00,-2.297961711883544922e-02,3.556843996047973633e-01
2.303712368011474609e+00,1.764297485351562500e-03,2.914841771125793457e-01
1.258632183074951172e+00,3.857627511024475098e-01,-5.585236549377441406e-01
2.257380962371826172e+00,-1.624674797058105469e-01,-1.025474965572357178e-01
2.340214014053344727e+00,7.675254344940185547e-02,-6.414850056171417236e-02
8.524891734123229980e-01,2.698299288749694824e-01,-6.899188160896301270e-01
6.847152113914489746e-01,5.834397077560424805e-01,1.226677536964416504e+00
1.072300553321838379e+00,4.245723485946655273e-01,-7.561568021774291992e-01
9.815881848335266113e-01,5.757392644882202148e-01,7.608570456504821777e-01
1.974747300148010254e+00,2.684804797172546387e-01,1.460872739553451538e-01
1.842018842697143555e+00,6.578958034515380859e-02,1.586557924747467041e-01
8.172581195831298828e-01,5.849827527999877930e-01,9.436393380165100098e-01
6.144564747810363770e-01,6.554986238479614258e-01,-1.324570894241333008e+00
1.733406305313110352e+00,2.119729518890380859e-01,1.874788552522659302e-01
2.003017425537109375e+00,2.491223812103271484e-02,-1.123428270220756531e-01
2.665598630905151367e+00,-1.241487264633178711e-01,-3.215785324573516846e-02
1.635752916336059570e+00,-6.360864639282226562e-02,6.257135272026062012e-01
2.115051507949829102e+00,-1.565331220626831055e-01,2.216433435678482056e-01
1.471326947212219238e+00,2.919178605079650879e-01,-3.722644150257110596e-01
7.459860444068908691e-01,4.193599224090576172e-01,-1.003203153610229492e+00
1.966070652008056641e+00,1.061135530471801758e-02,4.460635408759117126e-02
2.362632036209106445e+00,1.252210140228271484e-02,-1.204529777169227600e-01
2.587466478347778320e+00,-8.552706241607666016e-02,-7.629640400409698486e-02
2.034178495407104492e+00,1.309610605239868164e-01,-9.634941816329956055e-02
2.416123867034912109e+00,-1.144132614135742188e-01,-2.920508757233619690e-02
2.381063222885131836e+00,3.529220819473266602e-02,-3.311119601130485535e-02
5.040822029113769531e-01,6.638190746307373047e-01,-1.146682620048522949e+00
1.476395726203918457e+00,1.104381084442138672e-01,-3.757822215557098389e-01
1.039179921150207520e+00,4.237225651741027832e-01,-6.301733255386352539e-01
1.028069734573364258e+00,5.830783843994140625e-01,4.970401823520660400e-01
8.663991093635559082e-01,5.565117597579956055e-01,-8.465252518653869629e-01
1.062161684036254883e+00,4.152066707611083984e-01,-6.694665551185607910e-01
1.910801529884338379e+00,-1.196026802062988281e-02,1.031096577644348145e-01
1.637382984161376953e+00,-1.700919866561889648e-01,4.087266027927398682e-01
2.191757678985595703e+00,1.501783728599548340e-01,-2.028416469693183899e-02
2.205209016799926758e+00,5.446702241897583008e-02,-2.519457936286926270e-01
6.706562638282775879e-01,6.380529999732971191e-01,-1.228155255317687988e+00
2.370084762573242188e+00,1.041506528854370117e-01,-2.725886702537536621e-01
1.437746405601501465e+00,2.214802503585815430e-01,-4.382502436637878418e-01
2.034530878067016602e+00,2.143785357475280762e-01,-3.992869853973388672e-01
3.042927026748657227e+00,-1.388157606124877930e-01,-4.273509234189987183e-02
2.816146850585937500e+00,-9.826707839965820312e-02,-3.844654653221368790e-03
2.118559598922729492e+00,6.150776147842407227e-02,7.175300270318984985e-02
2.036825180053710938e+00,2.596044540405273438e-02,-2.502418458461761475e-01
1.431094527244567871e+00,1.579806804656982422e-01,-3.974510133266448975e-01
7.992828488349914551e-01,5.827654600143432617e-01,9.811397194862365723e-01
1.340802431106567383e+00,2.190458774566650391e-01,-5.040841102600097656e-01
1.985774040222167969e+00,2.969396114349365234e-02,1.468453090637922287e-03
2.504603862762451172e+00,-9.475576877593994141e-02,4.379925131797790527e-02
2.121352434158325195e+00,8.011198043823242188e-02,-7.415182888507843018e-02
2.490798473358154297e+00,-1.588928699493408203e-01,-4.972146451473236084e-02
8.357092142105102539e-01,5.785712599754333496e-01,-7.293173670768737793e-01
1.650198936462402344e+00,2.750287652015686035e-01,-3.607482910156250000e-01
8.548693060874938965e-01,4.791774153709411621e-01,-7.229163646697998047e-01
1.745298385620117188e+00,7.905280590057373047e-02,-2.064207196235656738e-01
2.640033006668090820e+00,-1.976816654205322266e-01,2.170788645744323730e-01
6.049901843070983887e-01,6.920353174209594727e-01,-1.157483935356140137e+00
1.432054281234741211e+00,9.451586008071899414e-02,3.398682177066802979e-01
1.802404046058654785e+00,8.833938837051391602e-02,2.199329137802124023e-01
2.150346040725708008e+00,1.754561066627502441e-01,6.997236609458923340e-02
1.849431633949279785e+00,1.206288337707519531e-01,-1.491520702838897705e-01
2.395755529403686523e+00,6.469470262527465820e-02,-1.299474854022264481e-02
8.761731386184692383e-01,3.365759253501892090e-01,-8.516204357147216797e-01
2.209446907043457031e+00,-1.382724046707153320e-01,1.269128769636154175e-01
2.091673374176025391e+00,-1.034473180770874023e-01,8.885869383811950684e-02
1.784206151962280273e+00,-1.306140422821044922e-02,-2.945688068866729736e-01
1.589501023292541504e+00,2.122680544853210449e-01,-4.448388516902923584e-01
8.739882111549377441e-01,5.781749486923217773e-01,-8.136144280433654785e-01
1.153915762901306152e+00,3.131566047668457031e-01,-4.855740368366241455e-01
1.633406519889831543e+00,1.724937558174133301e-01,1.458315402269363403e-01
2.458145618438720703e+00,1.782536506652832031e-02,1.173913292586803436e-02
2.390150308609008789e+00,3.883004188537597656e-03,-1.207056418061256409e-01
1.579496145248413086e+00,2.270070314407348633e-01,-2.274038195610046387e-01
2.099022150039672852e+00,-6.646192073822021484e-02,1.591928005218505859e-01
1.690748572349548340e+00,1.003420948982238770e-01,-2.085171192884445190e-01
7.201960682868957520e-01,6.652027368545532227e-01,-1.730444431304931641e+00
1.084220647811889648e+00,4.569834470748901367e-01,-5.728418231010437012e-01
9.791881442070007324e-01,4.384464025497436523e-01,-9.799301028251647949e-01
1.928314208984375000e+00,-2.446354627609252930e-01,-1.079362407326698303e-01
7.315958142280578613e-01,6.691651344299316406e-01,-1.008496642112731934e+00
1.683366894721984863e+00,2.199573516845703125e-01,-3.616081774234771729e-01
8.583676218986511230e-01,5.138772726058959961e-01,9.054722785949707031e-01
1.951118946075439453e+00,7.237148284912109375e-02,-9.238597750663757324e-02
1.680143594741821289e+00,1.353613734245300293e-01,4.546903669834136963e-01
2.157760858535766602e+00,1.603470444679260254e-01,-1.606407016515731812e-01
5.475901961326599121e-01,6.921260356903076172e-01,-1.327738165855407715e+00
2.042649745941162109e+00,2.208761572837829590e-01,-2.388343662023544312e-01
1.171319961547851562e+00,3.807148337364196777e-01,-7.532842755317687988e-01
1.919158220291137695e+00,-3.799080848693847656e-03,2.726679146289825439e-01
2.592016458511352539e+00,-1.110198497772216797e-01,-8.421467244625091553e-02
1.236778497695922852e+00,3.728242516517639160e-01,-6.436414122581481934e-01
2.491626739501953125e+00,-1.478234529495239258e-01,-7.801373302936553955e-02
1.350076079368591309e+00,3.353303074836730957e-01,-5.727527141571044922e-01
1.339132070541381836e+00,2.140485644340515137e-01,1.529556959867477417e-01
1.907222509384155273e+00,2.888931632041931152e-01,-2.415180504322052002e-01
1.193481326103210449e+00,3.566876053810119629e-01,-5.737283825874328613e-01
2.050894975662231445e+00,2.667480707168579102e-02,-1.398243904113769531e-01
2.897706985473632812e+00,-1.849621534347534180e-01,-1.314010936766862869e-02
7.143988609313964844e-01,6.563864946365356445e-01,-1.045028686523437500e+00
1.948996663093566895e+00,-1.662434339523315430e-01,1.760806292295455933e-01
1.673544526100158691e+00,1.314307451248168945e-01,-3.175069689750671387e-01
8.649381995201110840e-01,5.525736808776855469e-01,-7.807554006576538086e-01
1.592466235160827637e+00,1.590260267257690430e-01,-2.613080143928527832e-01
1.722765684127807617e+00,1.414166688919067383e-01,-3.916428983211517334e-01
1.569748044013977051e+00,1.522589325904846191e-01,-3.884345889091491699e-01
9.058710336685180664e-01,6.896632909774780273e-01,7.664810419082641602e-01
2.412563562393188477e+00,-5.551469326019287109e-02,7.764989137649536133e-02
2.439011573791503906e+00,-1.468243598937988281e-01,-1.700788736343383789e-02
1.863642334938049316e+00,2.903940081596374512e-01,3.387856483459472656e-02
1.446743607521057129e+00,3.775269985198974609e-01,3.490214645862579346e-01
1.768808245658874512e+00,1.416397690773010254e-01,-4.296521544456481934e-01
1.337853670120239258e+00,3.081818222999572754e-01,-6.152692437171936035e-01
1.061800837516784668e+00,5.359757542610168457e-01,-7.021893262863159180e-01
3.456351757049560547e-01,8.573337197303771973e-01,1.358571767807006836e+00
1.180272936820983887e+00,4.215524792671203613e-01,-7.949945926666259766e-01
8.899298906326293945e-01,4.367502331733703613e-01,8.653600215911865234e-01
1.427304983139038086e+00,2.171280384063720703e-01,-3.312743306159973145e-01
1.611276149749755859e+00,2.353796958923339844e-01,-3.571266233921051025e-01
1.144807696342468262e+00,4.694264531135559082e-01,6.389068365097045898e-01
4.305682182312011719e-01,5.775666236877441406e-01,-1.287964224815368652e+00
1.625255942344665527e+00,2.500261068344116211e-01,-4.676691293716430664e-01
1.939438223838806152e+00,1.897811889648437500e-01,-2.008024007081985474e-01
1.918080091476440430e+00,6.838935613632202148e-02,-1.482873409986495972e-01
2.817723751068115234e+00,-2.146089076995849609e-01,6.461103912442922592e-03
2.324720621109008789e+00,-2.599208354949951172e-01,2.141174972057342529e-01
1.041869640350341797e+00,4.130187034606933594e-01,-8.404953479766845703e-01
5.819204449653625488e-01,7.422603964805603027e-01,1.055480599403381348e+00
6.061142683029174805e-01,6.168144941329956055e-01,-1.147231221199035645e+00
2.181025028228759766e+00,-6.882488727569580078e-02,1.715254411101341248e-02
6.498680710792541504e-01,6.935130357742309570e-01,-1.135386705398559570e+00
2.212865591049194336e+00,-1.442937850952148438e-01,3.308006748557090759e-02
1.887910604476928711e+00,2.164921760559082031e-01,-7.571193575859069824e-02
1.733950614929199219e+00,-1.629389524459838867e-01,6.071219220757484436e-02
2.613725662231445312e+00,-1.514755487442016602e-01,5.455192551016807556e-02
1.968099951744079590e+00,2.207970619201660156e-02,1.047788783907890320e-01
2.300813674926757812e+00,-1.373413801193237305e-01,2.721478343009948730e-01
2.150819063186645508e+00,-1.210514307022094727e-01,1.776531934738159180e-01
2.108402967453002930e+00,-1.413040161132812500e-01,1.857887357473373413e-01
3.566712737083435059e-01,8.022968173027038574e-01,-1.501484394073486328e+00
1.012338280677795410e+00,4.274560809135437012e-01,-8.354417681694030762e-01
2.237417459487915039e+00,-5.793082714080810547e-02,-1.501540839672088623e-01
1.168855190277099609e+00,3.968791961669921875e-01,-8.057179450988769531e-01
1.909424781799316406e+00,3.621578216552734375e-02,4.854904860258102417e-02
1.513737678527832031e+00,2.087999582290649414e-01,-4.154538512229919434e-01
1.406748771667480469e+00,2.049670815467834473e-01,3.326254785060882568e-01
2.335701465606689453e+00,-6.543767452239990234e-02,-1.797059178352355957e-02
1.477165460586547852e+00,4.374536275863647461e-01,-1.052856087684631348e+00
1.362415671348571777e+00,2.229113578796386719e-01,-6.212148666381835938e-01
2.187721252441406250e+00,1.787931919097900391e-01,-1.826036721467971802e-02
4.057556688785552979e-01,7.643896341323852539e-01,-1.635913133621215820e+00
1.480144381523132324e+00,2.331331372261047363e-01,-4.661083817481994629e-01
1.664088010787963867e+00,-1.459244489669799805e-01,4.073293805122375488e-01
1.434863448143005371e+00,3.276867866516113281e-01,-5.725361108779907227e-01
2.046179056167602539e+00,7.674604654312133789e-02,-1.362062692642211914e-01
2.448198795318603516e+00,-1.475360393524169922e-01,4.454408958554267883e-02
7.090050578117370605e-01,6.577131152153015137e-01,-9.529751539230346680e-01
2.089968919754028320e+00,-2.031105756759643555e-01,-1.118342727422714233e-01
4.412042200565338135e-01,7.862555384635925293e-01,-1.392963767051696777e+00
1.348901987075805664e+00,4.566644430160522461e-01,4.786982536315917969e-01
